<?xml version="1.0" encoding="UTF-8"?>
<addon id="skin.m3di4" version="7.0.0" name="M3di4" provider-name="Adam Mario">
  <requires>
    <import addon="xbmc.gui" version="5.15.0"/>
    <import addon="script.favourites" version="4.0.9"/>
    <import addon="script.embuary.helper" version="2.0.2"/>
    <import addon="resource.images.studios.white" version="0.0.2"/>
  </requires>
  <extension point="xbmc.gui.skin" effectslowdown="0.75" debugging="true">
    <res width="1280" height="720" aspect="16:9" default="true" folder="720p" />
  </extension>
  <extension point="xbmc.addon.metadata">
    <summary>M3di4 by Adam Mario.</summary>
    <description>Skin Kodi</description>
    <platform>all</platform>
    <assets>
      <icon>resources/logo.png</icon>
    </assets>
  </extension>
</addon>
