<?xml version="1.0" encoding="UTF-8"?>
<window>
	<defaultcontrol always="true">5</defaultcontrol>

	<coordinates>
		<left>325</left>
		<top>81</top>
	</coordinates>
	
	<controls>
		<control type="group">
			<visible>![[Window.Is(osdaudiosettings) | Window.Is(osdvideosettings)] + [Window.IsActive(SliderDialog) | Window.IsActive(DialogSelect.xml) | Window.IsActive(osdaudiodspsettings)]]</visible>
			<visible>![Window.Is(osdaudiodspsettings) + [Window.IsActive(SliderDialog) | Window.IsActive(DialogParametricEQ.xml) | Window.IsActive(DialogSpeakerGain.xml) | Window.IsActive(DialogSpeakerDistance.xml) | Window.IsActive(DialogMasterModeFreeSurround.xml)]]</visible>
			<depth>DepthOSD</depth>
			<include>DialogOpenCloseAnim</include>
			<animation effect="fade" start="100" end="30" time="250" condition="Window.Is(LockSettings) + [Window.IsActive(ContextMenu) | Window.IsActive(NumericInput) | Window.IsActive(OKDialog)]">Conditional</animation>	
			<animation effect="fade" start="100" end="0" time="250" condition="[[Window.Is(LockSettings) | Window.Is(networksetup)] + Window.IsActive(VirtualKeyboard)] | [Window.Is(contentsettings) + Window.IsActive(AddonSettings)] | [Window.IsActive(FileBrowser) | Window.IsActive(LockSettings)] | [Window.Is(mediafilter) + Window.IsActive(selectdialog)]">Conditional</animation>

			<include content="DialogWithCloseBtnLabelID">
				<param name="width" value="630"/>
				<param name="height" value="557" />
				<param name="left" value="570" />
				<param name="labelwidth" value="550" />
				<param name="label" value="" />
				<param name="id" value="2" />
			</include>
			
			<control type="grouplist" id="5">
				<description>Control Area</description>
				<left>DialogMarginOffsetX</left>
				<top>DialogMarginOffsetY</top>
				<width>560</width>
				<height>444</height>
				<itemgap>2</itemgap>
				<pagecontrol>101</pagecontrol>
				<onup>5</onup>
				<ondown>5</ondown>
				<onleft>28</onleft>
				<onright condition="Control.IsVisible(101)">101</onright>	
				<onright condition="!Control.IsVisible(101) + Control.IsVisible(30)">30</onright>	
				<onright condition="!Control.IsVisible(101) + !Control.IsVisible(30) + Control.IsVisible(29)">29</onright>	
			</control>
			
			<control type="button" id="7">
				<description>Default Button</description>
				<include>DialogContentLabel</include>
			</control>
			
			<control type="radiobutton" id="8">
				<description>Default RadioButton</description>
				<textwidth>485</textwidth>
				<include>DialogContentLabel</include>
			</control>
			
			<control type="spincontrolex" id="9">
				<description>Default SpinControlex</description>
				<include>DialogContentLabel</include>
			</control>
			
			<control type="image" id="11">
				<description>Separator</description>
				<width>600</width>
				<height>4</height>
				<texture />
				<visible>![Window.Is(osdaudiosettings) | Window.Is(osdvideosettings) | Window.Is(osdaudiodspsettings)]</visible>
			</control>
			
			<control type="edit" id="12">
				<description>Default Edit</description>
				<textwidth>544</textwidth>
				<include>DialogContentLabel</include>
			</control>
			
			<control type="sliderex" id="13">
				<description>Default Slider</description>
				<include>DialogContentLabel</include>
			</control>
			
			<control type="label" id="14">
				<height>35</height>
				<align>center</align>
				<include>DialogContentLabel</include>
			</control>
		
			<control type="spincontrol" id="101">
				<description>Next Page</description>
				<left>550</left>
				<top>510</top>
				<font />
				<onup>5</onup>
				<onleft>9001</onleft>
				<onright>28</onright>
				<visible>Container(5).HasNext | Container(5).HasPrevious</visible>
			</control>
			
			<control type="grouplist" id="9001">	
				<description>Dialog Button Area</description>			
				<left>DialogMarginOffsetX</left>
				<top>504</top>
				<width>560</width>
				<align>center</align>
				<itemgap>0</itemgap>
				<orientation>horizontal</orientation>
				<onup>5</onup>
				<ondown>5</ondown>
				<onright condition="Control.IsVisible(101)">101</onright>
				<onright condition="!Control.IsVisible(101)">28</onright>
				<control type="button" id="28">
					<description>OK</description>
					<include>DialogMenuBarBtn</include>
					<label />
				</control>			
				<control type="button" id="29">
					<description>Cancel</description>
					<include>DialogMenuBarBtn</include>
					<label />
				</control>
				<control type="button" id="30">
					<description>Settings</description>
					<include>DialogMenuBarBtn</include>
					<label />
				</control>
			</control>
		</control>
	</controls>
</window>