<?xml version="1.0" encoding="UTF-8"?>
<window>
	<defaultcontrol>5001</defaultcontrol>
	
	<controls>
		<control type="button" id="5001">
			<visible allowhiddenfocus="true">false</visible>
			<onclick>Close</onclick>
			<onleft>Close</onleft>
			<onright>Close</onright>
			<onup>Close</onup>
			<ondown>Close</ondown>
		</control>
		
		<control type="group">
			<description>Player Process Information</description>
			<visible>![Window.IsActive(OSDVideoSettings) | Window.IsActive(OSDAudioSettings) | Window.IsActive(VideoBookmarks) | Window.IsActive(subtitlesearch) | Window.IsActive(osdcmssettings)]</visible>
			<depth>DepthOSD</depth>
			<include>FSMediaInfoOpenCloseAnim</include>
			<left>28</left>
			<top>20</top>
			
			<control type="image">
				<width>1224</width>
				<height>198</height>
				<texture border="8">panels/panel.png</texture>
			</control>
			
			<control type="image">
				<left>4</left>
				<top>4</top>
				<width>1216</width>
				<height>57</height>
				<texture border="5">panels/panel-content-border2.png</texture>
				<animation effect="fade" end="5" condition="true">Conditional</animation>
			</control>
			
			<control type="grouplist">
				<top>11</top>
				<left>18</left>
				<itemgap>0</itemgap>
				<orientation>vertical</orientation>
				<control type="group">
					<height>56</height>
					<control type="label">
						<description>Header</description>
						<width>1188</width>
						<font>MediaInfoFont</font>
						<textcolor>MediaInfoTitleColor</textcolor>
						<shadowcolor>ShadowColor</shadowcolor>							
						<label>$LOCALIZE[31222]</label>
					</control>
					<control type="label">
						<description>Hardware Decoding</description>
						<top>22</top>
						<width>1188</width>
						<height>34</height>
						<font>FullMediaInfoTaglineFont</font>
						<textcolor>MediaInfoTitleColor2</textcolor>
						<shadowcolor>ShadowColor</shadowcolor>
						<label>[UPPERCASE]$VAR[videohwdecoder][/UPPERCASE]</label>
					</control>
					<control type="label">
						<top>-5</top>
						<left>1000</left>
						<width>145</width>
						<font>FullMediaInfoTaglineFont</font>
						<textcolor>MediaInfoItemColor</textcolor>
						<shadowcolor>ShadowColor</shadowcolor>
						<label>$LOCALIZE[13271]</label>
					</control>
					<control type="label">
						<top>-5</top>
						<right>46</right>
						<width>100</width>
						<align>right</align>
						<font>FullMediaInfoTaglineFont</font>
						<textcolor>MediaInfoItemColor2</textcolor>
						<shadowcolor>ShadowColor</shadowcolor>
						<label fallback="31001">$INFO[System.CpuUsage]</label>
					</control>
					<control type="label">
						<top>11</top>
						<left>1000</left>
						<width>145</width>
						<font>FullMediaInfoTaglineFont</font>
						<textcolor>MediaInfoItemColor</textcolor>
						<shadowcolor>ShadowColor</shadowcolor>
						<label>$LOCALIZE[31126]:</label>
					</control>
					<control type="label">
						<top>11</top>
						<right>46</right>
						<width>100</width>
						<align>right</align>
						<font>FullMediaInfoTaglineFont</font>
						<textcolor>MediaInfoItemColor2</textcolor>
						<shadowcolor>ShadowColor</shadowcolor>
						<label fallback="31001">$INFO[System.Memory(used.percent)]</label>
					</control>
					<control type="label">
						<top>27</top>
						<left>1000</left>
						<width>145</width>
						<font>FullMediaInfoTaglineFont</font>
						<textcolor>MediaInfoItemColor</textcolor>
						<shadowcolor>ShadowColor</shadowcolor>
						<label>$LOCALIZE[31192]:</label>
					</control>
					<control type="label">
						<top>27</top>
						<right>46</right>
						<width>100</width>
						<align>right</align>
						<font>FullMediaInfoTaglineFont</font>
						<textcolor>MediaInfoItemColor2</textcolor>
						<shadowcolor>ShadowColor</shadowcolor>
						<label fallback="31001">$INFO[Player.CacheLevel,,%]</label>
					</control>
				</control>
				<control type="label">
					<description>Video Label</description>
					<width>300</width>
					<height>20</height>
					<font>MediaInfoTimeFont</font>
					<textcolor>MediaInfoTitleColor</textcolor>
					<shadowcolor>ShadowColor</shadowcolor>
					<label>[UPPERCASE]$LOCALIZE[291][/UPPERCASE]</label>
				</control>
				<control type="group">
					<height>20</height>
					<control type="label">
						<width>165</width>
						<font>FullMediaInfoTaglineFont</font>
						<textcolor>MediaInfoItemColor</textcolor>
						<shadowcolor>ShadowColor</shadowcolor>
						<label>$LOCALIZE[31225]:</label>
					</control>
					<control type="label">
						<left>170</left>
						<width>400</width>
						<font>FullMediaInfoTaglineFont</font>
						<textcolor>MediaInfoItemColor2</textcolor>
						<shadowcolor>ShadowColor</shadowcolor>
						<label fallback="31001">$INFO[Player.Process(videodecoder)]</label>
					</control>
				</control>
				<control type="group">
					<height>20</height>
					<control type="label">
						<width>165</width>
						<font>FullMediaInfoTaglineFont</font>
						<textcolor>MediaInfoItemColor</textcolor>
						<shadowcolor>ShadowColor</shadowcolor>
						<label>$LOCALIZE[169]:</label>
					</control>
					<control type="label">
						<left>170</left>
						<width>400</width>
						<font>FullMediaInfoTaglineFont</font>
						<textcolor>MediaInfoItemColor2</textcolor>
						<shadowcolor>ShadowColor</shadowcolor>
						<label>$INFO[Player.Process(videowidth)]$INFO[Player.Process(videoheight),X, px]$INFO[Player.Process(videodar), (, $LOCALIZE[31230])]</label>
					</control>
				</control>
				<control type="group">
					<height>20</height>
					<control type="label">
						<width>165</width>
						<font>FullMediaInfoTaglineFont</font>
						<textcolor>MediaInfoItemColor</textcolor>
						<shadowcolor>ShadowColor</shadowcolor>
						<label>$LOCALIZE[31226]:</label>
					</control>
					<control type="label">
						<left>170</left>
						<width>400</width>
						<font>FullMediaInfoTaglineFont</font>
						<textcolor>MediaInfoItemColor2</textcolor>
						<shadowcolor>ShadowColor</shadowcolor>
						<label fallback="31001">$INFO[Player.Process(videofps),, FPS]</label>
					</control>
				</control>
				<control type="group">
					<height>20</height>
					<control type="label">
						<width>165</width>
						<font>FullMediaInfoTaglineFont</font>
						<textcolor>MediaInfoItemColor</textcolor>
						<shadowcolor>ShadowColor</shadowcolor>
						<label>$LOCALIZE[31227]:</label>
					</control>
					<control type="label">
						<left>170</left>
						<width>400</width>
						<font>FullMediaInfoTaglineFont</font>
						<textcolor>MediaInfoItemColor2</textcolor>
						<shadowcolor>ShadowColor</shadowcolor>
						<label fallback="31001">$INFO[Player.Process(pixformat)]</label>
					</control>
				</control>
				<control type="group">
					<height>20</height>
					<control type="label">
						<width>165</width>
						<font>FullMediaInfoTaglineFont</font>
						<textcolor>MediaInfoItemColor</textcolor>
						<shadowcolor>ShadowColor</shadowcolor>
						<label>$LOCALIZE[16038]:</label>
					</control>
					<control type="label">
						<left>170</left>
						<width>400</width>
						<font>FullMediaInfoTaglineFont</font>
						<textcolor>MediaInfoItemColor2</textcolor>
						<shadowcolor>ShadowColor</shadowcolor>
						<label fallback="31001">$INFO[Player.Process(deintmethod)]</label>
					</control>
				</control>
			</control>
			
			<control type="grouplist">
				<top>67</top>
				<left>594</left>
				<itemgap>0</itemgap>
				<orientation>vertical</orientation>
				<control type="label">
					<description>Audio Label</description>
					<width>300</width>
					<height>20</height>
					<font>MediaInfoTimeFont</font>
					<textcolor>MediaInfoTitleColor</textcolor>
					<shadowcolor>ShadowColor</shadowcolor>
					<label>[UPPERCASE]$LOCALIZE[292][/UPPERCASE]</label>
				</control>
				<control type="group">
					<height>20</height>
					<control type="label">
						<width>165</width>
						<font>FullMediaInfoTaglineFont</font>
						<textcolor>MediaInfoItemColor</textcolor>
						<shadowcolor>ShadowColor</shadowcolor>
						<label>$LOCALIZE[31225]:</label>
					</control>
					<control type="label">
						<left>170</left>
						<width>400</width>
						<font>FullMediaInfoTaglineFont</font>
						<textcolor>MediaInfoItemColor2</textcolor>
						<shadowcolor>ShadowColor</shadowcolor>
						<label fallback="31001">$INFO[Player.Process(audiodecoder)]</label>
					</control>
				</control>
				<control type="group">
					<height>20</height>
					<control type="label">
						<width>165</width>
						<font>FullMediaInfoTaglineFont</font>
						<textcolor>MediaInfoItemColor</textcolor>
						<shadowcolor>ShadowColor</shadowcolor>
						<label>$LOCALIZE[14301]:</label>
					</control>
					<control type="label">
						<left>170</left>
						<width>400</width>
						<font>FullMediaInfoTaglineFont</font>
						<textcolor>MediaInfoItemColor2</textcolor>
						<shadowcolor>ShadowColor</shadowcolor>
						<label fallback="31001">$INFO[Player.Process(audiochannels)]</label>
					</control>
				</control>
				<control type="group">
					<height>20</height>
					<control type="label">
						<width>165</width>
						<font>FullMediaInfoTaglineFont</font>
						<textcolor>MediaInfoItemColor</textcolor>
						<shadowcolor>ShadowColor</shadowcolor>
						<label>$LOCALIZE[31228]:</label>
					</control>
					<control type="label">
						<left>170</left>
						<width>400</width>
						<font>FullMediaInfoTaglineFont</font>
						<textcolor>MediaInfoItemColor2</textcolor>
						<shadowcolor>ShadowColor</shadowcolor>
						<label fallback="31001">$INFO[Player.Process(audiosamplerate),, Hz]</label>
					</control>
				</control>
				<control type="group">
					<height>20</height>
					<control type="label">
						<width>165</width>
						<font>FullMediaInfoTaglineFont</font>
						<textcolor>MediaInfoItemColor</textcolor>
						<shadowcolor>ShadowColor</shadowcolor>
						<label>$LOCALIZE[31229]:</label>
					</control>
					<control type="label">
						<left>170</left>
						<width>400</width>
						<font>FullMediaInfoTaglineFont</font>
						<textcolor>MediaInfoItemColor2</textcolor>
						<shadowcolor>ShadowColor</shadowcolor>
						<label>$INFO[Player.Process(audiobitspersample),, Bit]</label>
					</control>
				</control>
			</control>
		</control>
	</controls>
</window>