<?xml version="1.0" encoding="UTF-8"?>
<window>
	<defaultcontrol always="true">9000</defaultcontrol>
	
	<coordinates>
		<system>1</system>
		<origin x="240" y="91">true</origin>
	</coordinates>
	
	<controls>
		<control type="group">
			<depth>DepthDialog</depth>
			<include>DialogOpenCloseAnim</include>
			
			<include content="DialogWithCloseBtnLabelID">
				<param name="width" value="800"/>
				<param name="height" value="538" />
				<param name="left" value="740" />
				<param name="labelwidth" value="720" />
				<param name="label" value="" />
				<param name="id" value="1" />
			</include>
			
			<control type="textbox" id="5">
				<description>Text Area</description>
				<left>DialogMarginOffsetX</left>
				<top>55</top>
				<width>709</width>
				<height>420</height>
				<font>DefaultFont</font>
				<textcolor>ButtonColor</textcolor>
				<align>justify</align>
				<pagecontrol>61</pagecontrol>
			</control>
			
			<include>TextViewerScrollbar</include>
			
			<control type="button" id="9000">
				<description>Close</description>
				<left>315</left>
				<top>485</top>
				<onup condition="Control.IsVisible(61)">61</onup>
				<onright condition="Control.IsVisible(61)">61</onright>
				<include>DialogMenuBarBtn</include>
				<onclick>PreviousMenu</onclick>
				<label>$LOCALIZE[15067]</label>
			</control>
		</control>
	</controls>
</window>