<?xml version="1.0" encoding="UTF-8"?>
<window>
	<defaultcontrol>9000</defaultcontrol>

	<coordinates>
		<system>1</system>
		<origin x="468" y="181">true</origin>
	</coordinates>
	
	<controls>
		<control type="group">
			<depth>DepthDialog+</depth>
			<include>DialogOpenCloseAnim</include>
			<animation effect="slide" end="0,-167" condition="String.IsEqual(Container(9000).NumItems,17)">Conditional</animation>
			<animation effect="slide" end="0,-148" condition="String.IsEqual(Container(9000).NumItems,16)">Conditional</animation>
			<animation effect="slide" end="0,-130" condition="String.IsEqual(Container(9000).NumItems,15)">Conditional</animation>
			<animation effect="slide" end="0,-111" condition="String.IsEqual(Container(9000).NumItems,14)">Conditional</animation>
			<animation effect="slide" end="0,-93" condition="String.IsEqual(Container(9000).NumItems,13)">Conditional</animation>
			<animation effect="slide" end="0,-74" condition="String.IsEqual(Container(9000).NumItems,12)">Conditional</animation>
			<animation effect="slide" end="0,-37" condition="String.IsEqual(Container(9000).NumItems,10)">Conditional</animation>
			<animation effect="slide" end="0,-19" condition="String.IsEqual(Container(9000).NumItems,9)">Conditional</animation>
			<animation effect="slide" end="0,18" condition="String.IsEqual(Container(9000).NumItems,7)">Conditional</animation>
			<animation effect="slide" end="0,37" condition="String.IsEqual(Container(9000).NumItems,6)">Conditional</animation>
			<animation effect="slide" end="0,55" condition="String.IsEqual(Container(9000).NumItems,5)">Conditional</animation>
			<animation effect="slide" end="0,74" condition="String.IsEqual(Container(9000).NumItems,4)">Conditional</animation>
			<animation effect="slide" end="0,92" condition="String.IsEqual(Container(9000).NumItems,3)">Conditional</animation>
			<animation effect="slide" end="0,110" condition="String.IsEqual(Container(9000).NumItems,2)">Conditional</animation>
			<animation effect="slide" end="0,128" condition="String.IsEqual(Container(9000).NumItems,1)">Conditional</animation>			
			<control type="grouplist">
				<itemgap>0</itemgap>
				<control type="image">
					<width>344</width>
					<height>32</height>
					<texture border="40,30,40,0">gui/context-menu-top.png</texture>	
				</control>
				<control type="image">
					<width>344</width>
					<height>37</height>
					<texture border="40,2,40,2">gui/context-menu-middle.png</texture>	
					<visible>System.CanPowerDown + !Skin.HasSetting(ShutdownMenuPowerDown)</visible>
				</control>
				<control type="image">
					<width>344</width>
					<height>37</height>
					<texture border="40,2,40,2">gui/context-menu-middle.png</texture>
					<visible>System.CanReboot + !Skin.HasSetting(ShutdownMenuReboot)</visible>
				</control>
				<control type="image">
					<width>344</width>
					<height>37</height>
					<texture border="40,2,40,2">gui/context-menu-middle.png</texture>
					<visible>!Skin.HasSetting(ShutdownMenuReloadSkin)</visible>
				</control>
				<control type="image">
					<width>344</width>
					<height>37</height>
					<texture border="40,2,40,2">gui/context-menu-middle.png</texture>	
					<visible>System.HasMediaDVD</visible>
				</control>
				<control type="image">
					<width>344</width>
					<height>37</height>
					<texture border="40,2,40,2">gui/context-menu-middle.png</texture>	
					<visible>System.HasMediaDVD</visible>
				</control>
				<control type="image">
					<width>344</width>
					<height>37</height>
					<texture border="40,2,40,2">gui/context-menu-middle.png</texture>
					<onclick>ActivateWindow(SkinSettings)</onclick>
				</control>
				<control type="image">
					<width>344</width>
					<height>37</height>
					<texture border="40,2,40,2">gui/context-menu-middle.png</texture>
					<visible>System.HasAddon(script.metadata.editor) + !library.isscanningvideo</visible>
				</control>
				<control type="image">
					<width>344</width>
					<height>37</height>
					<texture border="40,2,40,2">gui/context-menu-middle.png</texture>
					<visible>!library.isscanningvideo</visible>
				</control>
				<control type="image">
					<width>344</width>
					<height>37</height>
					<texture border="40,2,40,2">gui/context-menu-middle.png</texture>
				</control>		
				<control type="image">
					<width>344</width>
					<height>30</height>
					<texture flipy="true" border="40,0,40,30">gui/context-menu-top.png</texture>	
				</control>
			</control>
			
			<control type="grouplist" id="9000">
				<left>32</left>
				<top>32</top>
				<itemgap>2</itemgap>
				<onup>9000</onup>
				<ondown>9000</ondown>			
				<control type="button" id="1">
					<description>Reboot</description>
					<include>ContextMenuBtn</include>
					<label>$LOCALIZE[13013]</label>
					<onclick>Dialog.Close(all,true)</onclick>
					<onclick>Reset()</onclick>
					<visible>System.CanReboot + !Skin.HasSetting(ShutdownMenuReboot)</visible>
				</control>				
				<control type="button" id="2">
					<description>Power Off System</description>
					<include>ContextMenuBtn</include>
					<label>$LOCALIZE[13016]</label>
					<onclick>Dialog.Close(all,true)</onclick>
					<onclick>Powerdown()</onclick>
					<visible>System.CanPowerDown + !Skin.HasSetting(ShutdownMenuPowerDown)</visible>
				</control>	
				<control type="button" id="3">
					<description>Reload Skin</description>
					<include>ContextMenuBtn</include>
					<label>$LOCALIZE[20183]</label>
					<onclick>Dialog.Close(all,true)</onclick>
					<onclick>ReloadSkin()</onclick>
					<include>ReloadSkinNotification</include>
					<visible>!Skin.HasSetting(ShutdownMenuReloadSkin)</visible>
				</control>				
				<control type="button" id="4">
					<description>Play Disc</description>
					<include>ContextMenuBtn</include>
					<label>$LOCALIZE[341]</label>
					<onclick>PlayDVD()</onclick>
					<visible>System.HasMediaDVD</visible>
				</control>
				<control type="button" id="5">
					<description>Eject/Load Disc</description>
					<include>ContextMenuBtn</include>
					<label>$LOCALIZE[13391]</label>
					<onclick>EjectTray()</onclick>
					<visible>System.HasMediaDVD</visible>
				</control>
				<control type="button" id="6">
					<description>Settings</description>
					<include>ContextMenuBtn</include>
					<label>$LOCALIZE[20077]</label>
					<onclick>ActivateWindow(SkinSettings)</onclick>
				</control>					
				<control type="button" id="7">
					<description>Update Imdb</description>
					<include>ContextMenuBtn</include>
					<label>$LOCALIZE[24069] $LOCALIZE[563]</label>
					<onclick>RunScript(script.metadata.editor,action=updaterating,content=movies+tvshows+episodes) </onclick>
					<visible>System.HasAddon(script.metadata.editor) + !library.isscanningvideo</visible>
				</control>			
				<control type="button" id="9">
					<description>Clean Base</description>
					<include>ContextMenuBtn</include>
					<label>$LOCALIZE[334]</label>
					<onclick>XBMC.CleanLibrary(video)</onclick>
					<visible>!library.isscanningvideo</visible>
				</control>				
				<control type="button" id="10">
					<description>MAJ Base</description>
					<include>ContextMenuBtn</include>
					<label>$LOCALIZE[653]</label>
					<onclick>XBMC.UpdateLibrary(video)</onclick>
					<visible>!library.isscanningvideo</visible>
				</control>	
				<control type="button" id="20">
					<description>Stop Scan</description>
					<include>ContextMenuBtn</include>
					<label>$LOCALIZE[14056]</label>
					<onclick>XBMC.UpdateLibrary(video)</onclick>
					<visible>library.isscanningvideo</visible>
				</control>					
			</control>
				
			<control type="button">
				<left>250</left>
				<include>DialogInfoBtn</include>
				<onclick>ActivateWindow(1117)</onclick>
			</control>

			<control type="button">
				<left>284</left>
				<include>DialogCloseBtn</include>
			</control>
		</control>
	</controls>
</window>