<?xml version="1.0" encoding="UTF-8"?>
<window>
	<defaultcontrol always="true">7</defaultcontrol>
	
	<coordinates>
		<system>1</system>
		<origin x="325" y="81">true</origin>
	</coordinates>
	
	<controls>
		<control type="group">
			<depth>DepthDialog+</depth>
			<include>DialogOpenCloseAnim</include>
			
			<control type="group">
				<animation effect="slide" end="-138,19" condition="Control.IsVisible(6)">Conditional</animation>
				
				<control type="group">
					<visible>Control.IsVisible(3)</visible>
					<include content="DialogWithCloseBtn">
						<param name="width" value="630"/>
						<param name="height" value="557" />
						<param name="left" value="570" />
					</include>
				</control>
				
				<control type="group">
					<visible>Control.IsVisible(6)</visible>
					<include content="DialogWithCloseBtn">
						<param name="width" value="906"/>
						<param name="height" value="519" />
						<param name="left" value="846" />
					</include>
				</control>

				<control type="label" id="1">
					<animation effect="slide" end="138,0" condition="Control.IsVisible(6)">Conditional</animation>
					<width>550</width>
					<include>DialogTitle</include>
				</control>
				
				<control type="panel" id="3">
					<left>DialogMarginOffsetX</left>
					<top>DialogMarginOffsetY</top>
					<width>560</width>
					<height>444</height>
					<pagecontrol>61</pagecontrol>
					<scrolltime>200</scrolltime>
					<onup>3</onup>
					<ondown>3</ondown>
					<onleft condition="Control.IsVisible(5)">5</onleft>
					<onleft condition="!Control.IsVisible(5)">7</onleft>
					<onright>61</onright>
					<itemlayout height="37" width="560">		
						<control type="image">
							<width>560</width>
							<height>35</height>
							<texture border="5">controls/button-nofocus.png</texture>
						</control>					
						<control type="label">
							<left>8</left>
							<width>544</width>
							<height>35</height>
							<font>ButtonFont2</font>
							<textcolor>ButtonColor</textcolor>
							<aligny>center</aligny>
							<info>ListItem.Label</info>
						</control>				
					</itemlayout>				
					<focusedlayout height="37" width="460">
						<control type="image">
							<width>560</width>
							<height>35</height>
							<texture border="5">controls/button-nofocus.png</texture>
						</control>
						<control type="image">
							<width>560</width>
							<height>35</height>
							<texture border="5">controls/button-focus.png</texture>
							<animation type="Focus" condition="Container(3).OnNext" reversible="false">
								<effect type="Fade" start="40" end="100" time="500" tween="back" easing="in"/>
								<effect type="slide" start="0,-35" time="200" tween="sine" easing="out"/>
							</animation>						
							<animation type="Focus" condition="Container(3).OnPrevious" reversible="false">
								<effect type="Fade" start="40" end="100" time="500" tween="back" easing="in"/>
								<effect type="slide" start="0,35" time="200" tween="sine" easing="out"/>
							</animation>
						</control>					
						<control type="label">
							<left>8</left>
							<width>544</width>
							<height>35</height>
							<font>ButtonFont2</font>
							<textcolor>ButtonFocusColor</textcolor>
							<aligny>center</aligny>
							<info>ListItem.Label</info>
						</control>
					</focusedlayout>
				</control>
				
				<control type="panel" id="6">
					<left>DialogMarginOffsetX</left>
					<top>DialogMarginOffsetY</top>
					<width>410</width>
					<height>408</height>
					<pagecontrol>61</pagecontrol>
					<scrolltime>200</scrolltime>
					<onup>6</onup>
					<ondown>6</ondown>
					<onleft condition="Control.IsVisible(5)">5</onleft>
					<onleft condition="!Control.IsVisible(5)">7</onleft>
					<onright>61</onright>
					<itemlayout height="68" width="410">		
						<control type="image">
							<width>410</width>
							<height>64</height>
							<texture border="5">controls/button-nofocus.png</texture>
						</control>
						<control type="image">
							<width>120</width>
							<height>64</height>
							<texture>$INFO[Listitem.Icon]</texture>
							<bordersize>8</bordersize>
							<aspectratio>keep</aspectratio>
						</control>
						<control type="label">
							<left>128</left>
							<width>274</width>
							<height>35</height>
							<font>ButtonFont2</font>
							<textcolor>ButtonColor</textcolor>
							<aligny>center</aligny>
							<info>ListItem.Label</info>
							<visible>!String.IsEmpty(ListItem.Label2)</visible>
						</control>
						<control type="label">
							<left>128</left>
							<width>274</width>
							<height>62</height>
							<font>ButtonFont2</font>
							<textcolor>ButtonColor</textcolor>
							<aligny>center</aligny>
							<label>[UPPERCASE]$INFO[ListItem.Label][/UPPERCASE]</label>
							<visible>String.IsEmpty(ListItem.Label2)</visible>
						</control>
						<control type="label">
							<left>128</left>
							<top>26</top>
							<width>274</width>
							<height>35</height>
							<font>DefaultFont</font>
							<textcolor>MediaInfoTitleColor2</textcolor>
							<aligny>center</aligny>
							<label>$VAR[DialogSelectLabelAddonVersion]</label>
							<visible>!String.IsEmpty(ListItem.Label2)</visible>
						</control>
					</itemlayout>				
					<focusedlayout height="68" width="410">	
						<control type="image">
							<width>410</width>
							<height>64</height>
							<texture border="5">controls/button-nofocus.png</texture>
						</control>
						<control type="image">
							<width>410</width>
							<height>64</height>
							<texture border="5">controls/button-focus.png</texture>
							<animation type="Focus" condition="Container(6).OnNext" reversible="false">
								<effect type="Fade" start="40" end="100" time="500" tween="back" easing="in"/>
								<effect type="slide" start="0,-35" time="200" tween="sine" easing="out"/>
							</animation>						
							<animation type="Focus" condition="Container(6).OnPrevious" reversible="false">
								<effect type="Fade" start="40" end="100" time="500" tween="back" easing="in"/>
								<effect type="slide" start="0,35" time="200" tween="sine" easing="out"/>
							</animation>
						</control>		
						<control type="image">
							<width>120</width>
							<height>64</height>
							<texture>$INFO[Listitem.Icon]</texture>
							<bordersize>8</bordersize>
							<aspectratio>keep</aspectratio>
						</control>
						<control type="label">
							<left>128</left>
							<width>274</width>
							<height>35</height>
							<font>ButtonFont2</font>
							<textcolor>ButtonFocusColor</textcolor>
							<aligny>center</aligny>
							<info>ListItem.Label</info>
							<visible>!String.IsEmpty(ListItem.Label2)</visible>
						</control>
						<control type="label">
							<left>128</left>
							<width>274</width>
							<height>62</height>
							<font>ButtonFont2</font>
							<textcolor>ButtonFocusColor</textcolor>
							<aligny>center</aligny>
							<label>[UPPERCASE]$INFO[ListItem.Label][/UPPERCASE]</label>
							<visible>String.IsEmpty(ListItem.Label2)</visible>
						</control>
						<control type="label">
							<left>128</left>
							<top>26</top>
							<width>274</width>
							<height>35</height>
							<font>DefaultFont</font>
							<textcolor>MediaInfoTitleColor2</textcolor>
							<aligny>center</aligny>
							<label>$VAR[DialogSelectLabelAddonVersion]</label>
							<visible>!String.IsEmpty(ListItem.Label2)</visible>
						</control>
					</focusedlayout>
				</control>
				
				<control type="spincontrol" id="61">
					<description>Next Page</description>
					<visible>!Control.IsVisible(6)</visible>
					<left>550</left>
					<top>512</top>
					<font />
					<align>right</align>
					<onup>3</onup>
					<onleft>7</onleft>
					<onright condition="Control.IsVisible(5)">5</onright>
					<onright condition="!Control.IsVisible(5)">7</onright>
				</control>
				
				<control type="group">
					<visible>Control.IsVisible(6)</visible>
					<left>449</left>
					<top>DialogMarginOffsetY</top>
					<control type="image">
						<width>14</width>
						<height>404</height>
						<texture border="4">controls/scrollbar-background.png</texture>
					</control>
					
					<control type="scrollbar" id="61">
						<height>404</height>
						<texturesliderbackground />
						<onright condition="Control.IsVisible(7)">7</onright>
						<onright condition="!Control.IsVisible(7)">5</onright>
						<onleft>6</onleft>
						<ondown>9001</ondown>
					</control>
					
					<control type="image">
						<left>18</left>
						<width>404</width>
						<height>404</height>
						<texture border="5">controls/button-nofocus.png</texture>
					</control>
					
					<control type="image">
						<description>Icon</description>
						<left>23</left>
						<top>5</top>
						<width>394</width>
						<height>394</height>
						<info>Container(6).ListItem.Icon</info>
						<aspectratio align="center" aligny="center">keep</aspectratio>
						<visible>!String.IsEmpty(Container(6).ListItem.Icon)</visible>
						<fadetime>IconCrossfadeTime</fadetime>
						<include>ControlsOpenCloseAnim</include>
					</control>
				</control>
			</control>
			
			<control type="grouplist" id="9001">
				<top>504</top>
				<width>630</width>
				<align>center</align>
				<orientation>horizontal</orientation>
				<itemgap>0</itemgap>
				<onup condition="Control.IsVisible(3)">3</onup>
				<onup condition="Control.IsVisible(6)">6</onup>
				<onleft condition="!Control.IsVisible(6)">61</onleft>
				<animation effect="slide" end="0,-19" condition="Control.IsVisible(6)">Conditional</animation>
				<onright>61</onright>
				<control type="button" id="5">
					<description>Manual</description>
					<include>DialogMenuBarBtn</include>
					<label />
				</control>				
				<control type="button" id="7">
					<description>Cancel</description>
					<include>DialogMenuBarBtn</include>
					<label />
				</control>
			</control>
		</control>
	</controls>
</window>