<?xml version="1.0" encoding="UTF-8"?>
<window>	
	<controls>
		<control type="group">
			<depth>DepthTopBar</depth>
			<left>460</left>
			<include>NotifyPanelOpenCloseAnim</include>
			
			<include>NotifyPanel</include>
			
			<control type="image" id="400">
				<include>NotifyPanelIcon</include>
			</control>

			<control type="fadelabel" id="401">
				<description>Line 1</description>
				<include>NotifyPanelLabel</include>
			</control>
			
			<control type="fadelabel" id="402">
				<description>Line 2</description>
				<include>NotifyPanelLabel2</include>
			</control>
		</control>
	</controls>
</window>