<?xml version="1.0" encoding="UTF-8"?>
<window>
	<defaultcontrol>1000</defaultcontrol>

	<coordinates>
		<system>1</system>
		<origin x="468" y="107">true</origin>
	</coordinates>	

	<controls>
		<control type="group">
			<depth>DepthDialog</depth>
			<include>DialogOpenCloseAnim</include>
			<animation effect="slide" end="0,-55.5" condition="String.IsEqual(Container(996).NumItems,15)">Conditional</animation>
			<animation effect="slide" end="0,-37" condition="String.IsEqual(Container(996).NumItems,14)">Conditional</animation>
			<animation effect="slide" end="0,-18.5" condition="String.IsEqual(Container(996).NumItems,13)">Conditional</animation>
			<animation effect="slide" end="0,18.5" condition="String.IsEqual(Container(996).NumItems,11)">Conditional</animation>
			<animation effect="slide" end="0,37" condition="String.IsEqual(Container(996).NumItems,10)">Conditional</animation>
			<animation effect="slide" end="0,55.5" condition="String.IsEqual(Container(996).NumItems,9)">Conditional</animation>
			<animation effect="slide" end="0,74" condition="String.IsEqual(Container(996).NumItems,8)">Conditional</animation>
			<animation effect="slide" end="0,92.5" condition="String.IsEqual(Container(996).NumItems,7)">Conditional</animation>
			<animation effect="slide" end="0,111" condition="String.IsEqual(Container(996).NumItems,6)">Conditional</animation>
			<animation effect="slide" end="0,129.5" condition="String.IsEqual(Container(996).NumItems,5)">Conditional</animation>
			<animation effect="slide" end="0,148" condition="String.IsEqual(Container(996).NumItems,4)">Conditional</animation>
			<animation effect="slide" end="0,166.5" condition="String.IsEqual(Container(996).NumItems,3)">Conditional</animation>
			<animation effect="slide" end="0,185" condition="String.IsEqual(Container(996).NumItems,2)">Conditional</animation>
			<animation effect="slide" end="0,203.5" condition="String.IsEqual(Container(996).NumItems,1)">Conditional</animation>			
			<control type="grouplist">
				<width>344</width>
				<itemgap>0</itemgap>
				<control type="image">
					<description>Context Menu Top</description>
					<width>344</width>
					<height>32</height>
					<texture border="40,30,40,0">gui/context-menu-top.png</texture>
				</control>
				
				<control type="image" id="999">
					<description>Context Menu Middle</description>
					<width>344</width>
					<height>720</height>
					<texture border="40,2,40,2">gui/context-menu-middle.png</texture>
				</control>
				
				<control type="image">
					<description>Context Menu Bottom</description>
					<width>344</width>
					<height>32</height>
					<texture border="40,0,40,30">gui/context-menu-bottom.png</texture>
				</control>
			</control>
			
			<control type="grouplist" id="996">
				<top>32</top>
				<left>32</left>
				<width>280</width>
				<height max="720">auto</height>
				<itemgap>2</itemgap>
				<control type="button" id="1000">
					<description>Button Template</description>
					<left>32</left>
					<include>ContextMenuBtn</include>
				</control>
				<control type="button" id="2001">
					<description>ExtendedInfo</description>
					<label>$LOCALIZE[14116] TheMovieDB</label>
					<onclick>Skin.Reset(ExtendedInfoDialog)</onclick>
					<onclick>Skin.Reset(ExtendedInfoTrailerButton)</onclick>
					<onclick condition="System.HasAddon(script.extendedinfo) + Container.Content(Actors) | Container.Content(Directors) | Container.Content(Artists)">RunScript(script.extendedinfo,info=extendedactorinfo,name=$INFO[ListItem.Label])</onclick>
					<onclick condition="System.HasAddon(script.extendedinfo) + Container.Content(Movies)">RunScript(script.extendedinfo,info=extendedinfo,dbid=$INFO[ListItem.DBID],id=$INFO[ListItem.Property(id)])</onclick>
					<onclick condition="System.HasAddon(script.extendedinfo) + Container.Content(TVShows)">RunScript(script.extendedinfo,info=extendedtvinfo,dbid=$INFO[ListItem.DBID],id=$INFO[ListItem.Property(id)])</onclick>
					<onclick condition="System.HasAddon(script.extendedinfo) + Container.Content(Seasons) + !String.IsEmpty(ListItem.Season)">RunScript(script.extendedinfo,info=seasoninfo,tvshow=$INFO[ListItem.TVShowTitle],season=$INFO[ListItem.Season])</onclick>
					<onclick condition="System.HasAddon(script.extendedinfo) + [[Container.Content(Seasons) + String.IsEmpty(ListItem.Season)] | Container.Content(Episodes)]">RunScript(script.extendedinfo,info=extendedtvinfo,name=$INFO[Container.ShowTitle])</onclick>
					<onclick condition="!System.HasAddon(script.extendedinfo)">InstallAddon(script.extendedinfo)</onclick>
					<include>ContextMenuBtn</include>
					<visible>[Container.Content(Artists) | [[Container.Content(Actors) | Container.Content(Directors) | [Container.Content(Movies) + !ListItem.IsCollection] | Container.Content(TVShows) | Container.Content(Seasons) | Container.Content(Episodes)] + !System.HasAddon(context.extendedinfo.dialog)]] + !Skin.HasSetting(ContextMenuExtendedInformation)</visible>
				</control>
			</control>	
					
			<control type="button">
				<left>284</left>
				<top>8</top>
				<include>DialogCloseBtn</include>
			</control>
		</control>		
	</controls>	
</window>