<?xml version="1.0" encoding="UTF-8"?>
<window type="dialog" id="1101">
	<defaultcontrol always="true">980</defaultcontrol>

	<coordinates>
		<system>1</system>
		<origin x="458" y="242">true</origin>
	</coordinates>	

	<controls>
		<control type="group">
			<depth>DepthDialog</depth>
			<include>DialogOpenCloseAnim</include>			
			<control type="image">
				<width>364</width>
				<height>236</height>
				<texture border="50,50,50,75">panels/dialog-background2.png</texture>
			</control>
			
			<control type="grouplist" id="980">
				<top>32</top>
				<left>32</left>
				<width>300</width>
				<onright>990</onright>
				<onleft>990</onleft>
				<ondown>990</ondown>
				<onup>990</onup>
				<itemgap>2</itemgap>
				<control type="button" id="981">
					<description>Search local library</description>
					<label>$LOCALIZE[137] $LOCALIZE[14022]</label>
					<onclick condition="System.hasAddon(script.globalsearch)">Dialog.Close(1101)</onclick>
					<onclick condition="System.hasAddon(script.globalsearch)">RunScript(script.globalsearch)</onclick>
					<onclick condition="!System.hasAddon(script.globalsearch)">InstallAddon(script.globalsearch)</onclick>
					<width>300</width>
					<textwidth>290</textwidth>
					<include>ContextMenuBtn</include>
				</control>
				<control type="button" id="982">
					<description>Search Youtube</description>
					<label>$LOCALIZE[137] Youtube</label>
					<onclick condition="System.hasAddon(plugin.video.youtube)">Dialog.Close(1101)</onclick>
					<onclick condition="System.hasAddon(plugin.video.youtube)">ActivateWindow(videos,plugin://plugin.video.youtube/kodion/search/input/,return)</onclick>
					<onclick condition="!System.hasAddon(plugin.video.youtube)">InstallAddon(plugin.video.youtube)</onclick>
					<width>300</width>
					<textwidth>290</textwidth>
					<include>ContextMenuBtn</include>
				</control>
				<control type="button" id="983">
					<description>Search TheMovieDB</description>
					<label>$LOCALIZE[137] TheMovieDB</label>
					<onclick condition="System.hasAddon(script.extendedinfo)">Dialog.Close(1101)</onclick>
					<onclick condition="System.hasAddon(script.extendedinfo)">RunScript(script.extendedinfo,info=moviedbbrowser,search=True)</onclick>
					<onclick condition="!System.hasAddon(script.extendedinfo)">InstallAddon(script.extendedinfo)</onclick>
					<width>300</width>
					<textwidth>290</textwidth>
					<include>ContextMenuBtn</include>
				</control>
				<control type="button" id="984">
					<description>Search Add-ons</description>
					<label>$LOCALIZE[137] $LOCALIZE[24001]</label>
					<onclick>Dialog.Close(1101)</onclick>
					<onclick>ActivateWindow(addonbrowser,addons://search/,return)</onclick>
					<width>300</width>
					<textwidth>290</textwidth>
					<include>ContextMenuBtn</include>
				</control>
			</control>
			
			<control type="button">
				<left>302</left>
				<include>DialogCloseBtn</include>
			</control>
			
			<control type="button" id="990">
				<description>Close</description>
				<left>97</left>
				<top>183</top>
				<include>DialogMenuBarBtn</include>
				<label>$LOCALIZE[222]</label>
				<onclick>Dialog.Close(1101)</onclick>
				<onup>984</onup>
				<ondown>981</ondown>
				<onleft>981</onleft>
				<onright>981</onright>
			</control>
		</control>		
	</controls>	
</window>