<?xml version="1.0" encoding="UTF-8"?>
<window>
	<defaultcontrol always="true">570</defaultcontrol>
	<menucontrol>850</menucontrol>
	<views>570</views>
	
	<controls>
		<control type="group">	
			<depth>DepthBackground</depth>
			<include>BackgroundDefault</include>
			<include>BackgroundVideoPlaying</include>
			<include>WindowOpenFadeInOut</include>
		</control>
		
		<control type="group">
			<depth>DepthContent</depth>
			<include>MediaViewOpenCloseAnim</include>
			<include>ViewContentPanel</include>
			
			<control type="list" id="570">	
				<viewtype label="31105">List</viewtype>
				<left>40</left>
				<top>110</top>
				<width>1185</width>
				<height>518</height>
				<pagecontrol>60</pagecontrol>
				<scrolltime tween="sine" easing="inout">300</scrolltime>
				<onup>570</onup>
				<ondown>570</ondown>
				<onleft>850</onleft>
				<onright>60</onright>				
				<itemlayout height="74">	
					<control type="image">
						<width>1185</width>
						<height>74</height>	
						<texture border="0,0,10,2">views/list-separator.png</texture>
						<aspectratio>stretch</aspectratio>
					</control>
					<control type="image">
						<description>Cover</description>
						<width>73</width>
						<height>73</height>
						<bordertexture border="7">covers/cover-case-nofocus.png</bordertexture>
						<bordersize>5</bordersize>
						<texture background="true">$INFO[ListItem.Icon]</texture>
						<aspectratio>scale</aspectratio>
					</control>
					<control type="image">
						<description>Dim</description>
						<width>73</width>
						<height>73</height>
						<bordersize>5</bordersize>
						<include>CoverDim</include>
						<aspectratio>stretch</aspectratio>
						<visible>!String.IsEmpty(ListItem.Icon)</visible>
					</control>
					<control type="label">
						<description>Label</description>
						<left>80</left>
						<top>12</top>
						<width>885</width>
						<font>ListFont</font>
						<textcolor>ListColor</textcolor>
						<shadowcolor>ShadowColor</shadowcolor>
						<info>ListItem.Label</info>
					</control>
					<control type="label">
						<description>Event Description</description>
						<left>80</left>
						<top>38</top>
						<width>1085</width>
						<font>DefaultFont</font>
						<textcolor>ListColor2</textcolor>
						<shadowcolor>ShadowColor</shadowcolor>
						<label>$INFO[ListItem.Property(Event.Description)]</label>
					</control>
					<control type="label">
						<description>Label2</description>
						<left>965</left>
						<top>12</top>
						<width>200</width>
						<font>DefaultFont</font>
						<textcolor>ListColor2</textcolor>
						<shadowcolor>ShadowColor</shadowcolor>
						<info>ListItem.Label2</info>
						<align>right</align>
					</control>
				</itemlayout>
				<focusedlayout height="74">	
					<control type="image">
						<width>1185</width>
						<height>74</height>	
						<texture border="0,0,10,2">views/list-separator.png</texture>
						<aspectratio>stretch</aspectratio>
					</control>
					<control type="image">
						<width>1185</width>
						<height>73</height>
						<texture border="4">views/list-focus.png</texture>
						<aspectratio>stretch</aspectratio>
						<include>ListViewSelectFadeAnim</include>
						<animation type="Focus" condition="Container(570).OnNext" reversible="false">
							<effect type="Fade" start="40" end="100" time="550" tween="back" easing="in"/>
							<effect type="slide" start="0,-74" time="250" tween="sine" easing="out"/>
						</animation>					
						<animation type="Focus" condition="Container(570).OnPrevious" reversible="false">
							<effect type="Fade" start="40" end="100" time="550" tween="back" easing="in"/>
							<effect type="slide" start="0,74" time="250" tween="sine" easing="out"/>
						</animation>
						<visible>Control.HasFocus(570)</visible>
					</control>
					<control type="image">
						<width>1185</width>
						<height>73</height>
						<texture border="4">views/list-alt-focus.png</texture>
						<aspectratio>stretch</aspectratio>
						<visible>!Control.HasFocus(570)</visible>
						<include>ListViewSelectFadeAnim2</include>
					</control>
					<control type="image">
						<description>Cover</description>
						<width>73</width>
						<height>73</height>
						<bordertexture border="7">covers/cover-case-nofocus.png</bordertexture>
						<bordersize>5</bordersize>
						<texture background="true">$INFO[ListItem.Icon]</texture>
						<aspectratio>scale</aspectratio>
						<include>ListViewCoverFocusAnim</include>
					</control>
					<control type="group">
						<include>ListViewFocusAnim</include>
						<control type="label">
							<description>Label</description>
							<left>80</left>
							<top>12</top>
							<width>885</width>
							<font>ListFont</font>
							<textcolor>SelectedColor</textcolor>
							<shadowcolor>ShadowColor</shadowcolor>
							<info>ListItem.Label</info>
							<scroll>true</scroll>
						</control>
						<control type="label">
							<description>Event Description</description>
							<left>80</left>
							<top>38</top>
							<width>1085</width>
							<font>DefaultFont</font>
							<textcolor>ListColor2</textcolor>
							<shadowcolor>ShadowColor</shadowcolor>
							<label>$INFO[ListItem.Property(Event.Description)]</label>
							<scroll>true</scroll>
						</control>
						<control type="label">
							<description>Label2</description>
							<left>965</left>
							<top>12</top>
							<width>200</width>
							<font>DefaultFont</font>
							<textcolor>ListColor2</textcolor>
							<shadowcolor>ShadowColor</shadowcolor>
							<info>ListItem.Label2</info>
							<scroll>true</scroll>
							<align>right</align>
						</control>
					</control>
				</focusedlayout>
			</control>

			<control type="image">
				<left>1232</left>
				<top>110</top>
				<width>14</width>
				<height>517</height>
				<texture border="4">controls/scrollbar-background.png</texture>
			</control>
			
			<control type="scrollbar" id="60">
				<left>1232</left>
				<top>110</top>
				<height>517</height>
				<texturesliderbackground />
				<onleft>570</onleft>
				<onright>850</onright>
				<onup>570</onup>
				<visible>Control.IsVisible(570)</visible>
			</control>
			
			<control type="group">
				<description>Bottom Bar Area</description>
				<top>BottomPaneOffsetY</top>	
				<include>InfoPaneEventLogDetails</include>
				<include>BottomPaneOpenCloseAnim</include>
			</control>
		</control>		
		
		<include>EventLogMenuBar</include>
		
		<control type="group">	
			<description>Top Bar Area</description>
			<depth>DepthTopBar</depth>
			<include>TopBarImage</include>
			<include>TopBarOpenCloseAnim</include>
			<include>BreadCrumbEventLog</include>
			<include>Notifications</include>
			<include>SortLetterNotification</include>
		</control>
	</controls>
</window>