<?xml version="1.0" encoding="UTF-8"?>
<fonts>
	<fontset id="Default" idloc="571">
		<font>
			<name>StillWatched</name>
			<filename>default.ttf</filename>
			<size>8</size>
		</font>			
		<font>
			<name>BigStillWatched</name>
			<filename>default.ttf</filename>
			<size>12</size>
		</font>			
		<font>
			<name>font_MainMenu</name>
			<filename>BebasNeue.ttf</filename>
			<linespacing>0</linespacing>
			<size>80</size>
		</font>
		<font>
			<name>font_MainMenuNotSelect</name>
			<filename>BebasNeue.ttf</filename>
			<linespacing>0</linespacing>
			<size>48</size>
		</font>
		<font>
			<name>DefaultHeadFont</name>
			<filename>default-bold-caps.ttf</filename>
			<size>16</size>
		</font>
		<font>
			<name>AlphabetFocus</name>
			<filename>default-bold-caps.ttf</filename>
			<size>32</size>
		</font>
		<font>
			<name>DefaultFont</name>
			<filename>default.ttf</filename>
			<size>16</size>
		</font>
		<font>
			<name>DefaultFontB</name>
			<filename>default-bold.ttf</filename>
			<size>16</size>
		</font>		
		<font>
			<name>IconFont</name>
			<filename>default-bold.ttf</filename>
			<size>16</size>
		</font>
		<font>
			<name>ListFont</name>
			<filename>default-bold.ttf</filename>
			<size>16</size>
		</font>
		<font>
			<name>ListFontSize13</name>
			<filename>default.ttf</filename>
			<size>13</size>
		</font>
		<font>
			<name>ListFontSize10</name>
			<filename>default.ttf</filename>
			<size>10</size>
		</font>
		<font>
			<name>ListFontSize14</name>
			<filename>default.ttf</filename>
			<size>14</size>
		</font>
		<font>
			<name>ListFontSize12</name>
			<filename>default.ttf</filename>
			<size>12</size>
		</font>
		<font>
			<name>WideListFont</name>
			<filename>default-bold-caps.ttf</filename>
			<size>16</size>
		</font>
		<font>
			<name>WrapListFont</name>
			<filename>default-bold-caps.ttf</filename>
			<size>19</size>
		</font>
		<font>
			<name>WrapListRatingFont</name>
			<filename>default-bold-caps.ttf</filename>
			<size>26</size>
		</font>
		
		<font>
			<name>BreadCrumbFont</name>
			<filename>default-bold-caps.ttf</filename>
			<size>18</size>
		</font>
		<font>
			<name>BreadCrumbFontBold</name>
			<filename>default-bold-caps.ttf</filename>
			<size>18</size>
			<style>bold</style>
		</font>
		<font>
			<name>NotificationFont</name>
			<filename>default-bold-caps.ttf</filename>
			<size>14</size>
		</font>	
		<font>
			<name>NowPlayingFont</name>
			<filename>default-bold-caps.ttf</filename>
			<size>14</size>
		</font>			
		<font>
			<name>MenuBarBtnFont</name>
			<filename>gui.ttf</filename>
			<size>12</size>
		</font>	
		<font>
			<name>MenuItemFont</name>
			<filename>gui.ttf</filename>
			<size>12</size>
		</font>	
		<font>
			<name>FullMediaInfoTitleFont</name>
			<filename>default-caps.ttf</filename>
			<size>25</size>
		</font>
		<font>
			<name>FullMediaInfoTitleFont2</name>
			<filename>default-caps.ttf</filename>
			<size>19</size>
		</font>
		<font>
			<name>FullMediaInfoTitleFont3</name>
			<filename>default-caps.ttf</filename>
			<size>30</size>
		</font>
		<font>
			<name>FullMediaInfoFont</name>
			<filename>default-caps.ttf</filename>
			<size>17</size>
		</font>
		<font>
			<name>FullMediaInfoFont2</name>
			<filename>default-caps.ttf</filename>
			<size>17</size>
		</font>
		<font>
			<name>FullMediaInfoTaglineFont</name>
			<filename>default-caps.ttf</filename>
			<size>14</size>
		</font>
		<font>
			<name>FullMediaInfoDescFont</name>
			<filename>default.ttf</filename>
			<size>17</size>
		</font>
			
		<font>
			<name>MediaInfoFont</name>
			<filename>default-bold-caps.ttf</filename>
			<size>16</size>
		</font>		
		<font>
			<name>MediaInfoFont2</name>
			<filename>default-caps.ttf</filename>
			<size>16</size>
		</font>
		<font>
			<name>MediaInfoFont3</name>
			<filename>default-caps.ttf</filename>
			<aspect>0.85</aspect>
			<size>15</size>
		</font>
		<font>
			<name>MediaFlagSubtitleFont</name>
			<filename>default-bold-caps.ttf</filename>
			<aspect>0.90</aspect>
			<size>16</size>
		</font>
		<font>
			<name>MediaInfoDescFont</name>
			<filename>default.ttf</filename>
			<size>17</size>
		</font>
		<font>
			<name>DialogMediaInfoFont</name>
			<filename>default-bold-caps.ttf</filename>
			<size>15</size>
		</font>
		
		<font>
			<name>PanelTitleFont</name>
			<filename>default-bold-caps.ttf</filename>
			<size>19</size>
		</font>
		<font>
			<name>PanelInfoHeadFont</name>
			<filename>default-bold-caps.ttf</filename>
			<size>17</size>
		</font>
		<font>
			<name>PanelInfoFont</name>
			<filename>default-bold-caps.ttf</filename>
			<size>15</size>
		</font>
		<font>
			<name>PanelStatsFont</name>
			<filename>default-bold-caps.ttf</filename>
			<size>13</size>
		</font>
			
		<font>
			<name>FSInfoTitleFont</name>
			<filename>default-bold-caps.ttf</filename>
			<size>25</size>
		</font>
		<font>
			<name>PausedFont</name>
			<filename>default-bold-caps.ttf</filename>
			<size>85</size>
		</font>
		<font>
			<name>FSInfoFont</name>
			<filename>default-caps.ttf</filename>
			<size>16</size>
		</font>
		<font>
			<name>FSInfoFont2</name>
			<filename>default-caps.ttf</filename>
			<size>16</size>
		</font>
		<font>
			<name>OSDFont</name>
			<filename>default-bold.ttf</filename>
			<size>19</size>
		</font>
		<font>
			<name>OSDFont2</name>
			<filename>default.ttf</filename>
			<size>18</size>
		</font>
		
		<font>
			<name>InfoPaneFont</name>
			<filename>default-bold-caps.ttf</filename>
			<size>17</size>
		</font>		
		<font>
			<name>InfoPaneFont2</name>
			<filename>default-bold-caps.ttf</filename>
			<size>10</size>
		</font>	
		<font>
			<name>InfoPaneFontYear</name>
			<filename>default-bold-caps.ttf</filename>
			<size>14</size>
		</font>	
		<font>
			<name>InfoPaneItemBigFont</name>
			<filename>default-bold-caps.ttf</filename>
			<size>22</size>
		</font>
		<font>
			<name>AlphabetNoFocus</name>
			<filename>default-bold.ttf</filename>
			<size>20</size>
		</font>	
		<font>
			<name>YearSetFont</name>
			<filename>default-bold-caps.ttf</filename>
			<size>44</size>
		</font>
		<font>
			<name>MediaInfoTimeFont</name>
			<filename>default-bold-caps.ttf</filename>
			<size>14</size>
		</font>		
		<font>
			<name>HomeSubMenuBtnFont</name>
			<filename>gui.ttf</filename>
			<size>13</size>
		</font>	
		<font>
			<name>DialogTitleFont</name>
			<filename>gui.ttf</filename>
			<size>16</size>
		</font>	
		<font>
			<name>DialogHeadFont</name>
			<filename>default-bold-caps.ttf</filename>
			<size>14</size>
		</font>
		<font>
			<name>ButtonFont</name>
			<filename>gui.ttf</filename>
			<size>12</size>
		</font>
		<font>
			<name>ButtonFont2</name>
			<filename>default-bold.ttf</filename>
			<size>16</size>
		</font>
		<font>
			<name>ProfileNameFont</name>
			<filename>gui.ttf</filename>
			<size>24</size>
		</font>
		<font>
			<name>YoutubeBrowserFont</name>
			<filename>gui.ttf</filename>
			<aspect>0.96</aspect>
			<size>13</size>
		</font>
		<font>
			<name>SubMenuArrowFont</name>
			<filename>default-caps.ttf</filename>
			<size>12</size>
		</font>
		<font>
			<name>SettingsCatFont</name>
			<filename>default-bold-caps.ttf</filename>
			<size>18</size>
		</font>
		<font>
			<name>SettingsHeadFont</name>
			<filename>default-bold-caps.ttf</filename>
			<size>16</size>
		</font>
		<font>
			<name>SettingsContentFont</name>
			<filename>default-caps.ttf</filename>
			<size>15</size>
		</font>
		<font>
			<name>SettingsContentFont2</name>
			<filename>default.ttf</filename>
			<size>15</size>
		</font>
		<font>
			<name>ScreenCalibrationFont</name>
			<filename>gui.ttf</filename>
			<size>20</size>
		</font>	
		<font>
			<name>SortLetterFont</name>
			<filename>gui.ttf</filename>
			<size>20</size>
		</font>
		<font>
			<name>SpinControlFont</name>
			<filename>gui.ttf</filename>
			<size>12</size>
		</font>
		<font>
			<name>RSSFont</name>
			<filename>default-caps.ttf</filename>
			<size>18</size>
		</font>
		<font>
			<name>FileManagerInfoFont</name>
			<filename>default.ttf</filename>
			<size>17</size>
		</font>
	</fontset>
	
	<fontset id="multilingual" idloc="21418">
		<font>
			<name>font_MainMenu</name>
			<filename>BebasNeue.ttf</filename>
			<linespacing>0</linespacing>
			<size>80</size>
		</font>
		<font>
			<name>font_MainMenuNotSelect</name>
			<filename>BebasNeue.ttf</filename>
			<linespacing>0</linespacing>
			<size>48</size>
		</font>		
		<font>
			<name>DefaultHeadFont</name>
			<filename>multilingual.ttf</filename>
			<size>16</size>
			<style>uppercase bold</style>
			<linespacing>0.75</linespacing> 
		</font>
		<font>
			<name>AlphabetFocus</name>
			<filename>multilingual.ttf</filename>
			<size>32</size>
			<style>uppercase bold</style>
			<linespacing>0.75</linespacing> 
		</font>
		<font>
			<name>DefaultFont</name>
			<filename>multilingual.ttf</filename>
			<size>16</size>
			<linespacing>0.75</linespacing> 
		</font>
		<font>
			<name>DefaultFontB</name>
			<filename>multilingual.ttf</filename>
			<size>16</size>
			<style>bold</style>
			<linespacing>0.75</linespacing> 
		</font>
		
		<font>
			<name>IconFont</name>
			<filename>multilingual.ttf</filename>
			<size>16</size>
			<style>bold</style>
			<linespacing>0.75</linespacing> 
		</font>
		<font>
			<name>ListFont</name>
			<filename>multilingual.ttf</filename>
			<size>16</size>
			<linespacing>0.75</linespacing> 
		</font>
		<font>
			<name>ListFontSize13</name>
			<filename>multilingual.ttf</filename>
			<size>13</size>
			<linespacing>0.75</linespacing> 
		</font>
		<font>
			<name>ListFontSize10</name>
			<filename>multilingual.ttf</filename>
			<size>10</size>
			<linespacing>0.75</linespacing> 
		</font>
		<font>
			<name>ListFontSize14</name>
			<filename>multilingual.ttf</filename>
			<size>14</size>
			<linespacing>0.75</linespacing> 
		</font>
		<font>
			<name>ListFontSize12</name>
			<filename>multilingual.ttf</filename>
			<size>12</size>
			<linespacing>0.75</linespacing> 
		</font>
		<font>
			<name>WideListFont</name>
			<filename>multilingual.ttf</filename>
			<size>16</size>
			<linespacing>0.75</linespacing> 
		</font>
		<font>
			<name>WrapListFont</name>
			<filename>multilingual.ttf</filename>
			<size>19</size>
			<style>uppercase bold</style>
			<linespacing>0.75</linespacing> 
		</font>
		<font>
			<name>WrapListRatingFont</name>
			<filename>multilingual.ttf</filename>
			<size>26</size>
			<style>uppercase bold</style>
			<linespacing>0.75</linespacing> 
		</font>
		
		<font>
			<name>BreadCrumbFont</name>
			<filename>multilingual.ttf</filename>
			<size>18</size>
			<style>uppercase bold</style>
			<linespacing>0.75</linespacing> 
		</font>
		<font>
			<name>BreadCrumbFontBold</name>
			<filename>multilingual.ttf</filename>
			<size>18</size>
			<style>bold uppercase</style>
			<linespacing>0.75</linespacing> 
		</font>
		<font>
			<name>NotificationFont</name>
			<filename>multilingual.ttf</filename>
			<size>14</size>
			<style>uppercase bold</style>
			<linespacing>0.75</linespacing> 
		</font>	
		<font>
			<name>NowPlayingFont</name>
			<filename>multilingual.ttf</filename>
			<size>14</size>
			<style>uppercase bold</style>
			<linespacing>0.75</linespacing> 
		</font>			
		<font>
			<name>MenuBarBtnFont</name>
			<filename>multilingual.ttf</filename>
			<size>12</size>
			<style>uppercase bold</style>
			<linespacing>0.75</linespacing> 
		</font>	
		<font>
			<name>MenuItemFont</name>
			<filename>multilingual.ttf</filename>
			<size>12</size>
			<style>uppercase</style>
			<linespacing>0.75</linespacing> 
		</font>
		<font>
			<name>FullMediaInfoTitleFont</name>
			<filename>multilingual.ttf</filename>
			<size>25</size>
			<style>uppercase</style>
			<linespacing>0.75</linespacing> 
		</font>
		<font>
			<name>FullMediaInfoTitleFont2</name>
			<filename>multilingual.ttf</filename>
			<size>19</size>
			<style>uppercase</style>
			<linespacing>0.75</linespacing> 
		</font>
		<font>
			<name>FullMediaInfoTitleFont3</name>
			<filename>multilingual.ttf</filename>
			<size>30</size>
			<style>uppercase</style>
			<linespacing>0.75</linespacing> 
		</font>
		<font>
			<name>FullMediaInfoFont</name>
			<filename>multilingual.ttf</filename>
			<size>17</size>
			<style>uppercase</style>
			<linespacing>0.75</linespacing> 
		</font>
		<font>
			<name>FullMediaInfoFont2</name>
			<filename>multilingual.ttf</filename>
			<size>17</size>
			<style>uppercase</style>
			<linespacing>0.75</linespacing> 
		</font>
		<font>
			<name>FullMediaInfoTaglineFont</name>
			<filename>multilingual.ttf</filename>
			<size>14</size>
			<style>uppercase</style>
			<linespacing>0.75</linespacing> 
		</font>
		<font>
			<name>FullMediaInfoDescFont</name>
			<filename>multilingual.ttf</filename>
			<size>17</size>
			<linespacing>0.75</linespacing> 
		</font>
			
		<font>
			<name>MediaInfoFont</name>
			<filename>multilingual.ttf</filename>
			<size>16</size>
			<style>uppercase bold</style>
			<linespacing>0.75</linespacing> 
		</font>		
		<font>
			<name>MediaInfoFont2</name>
			<filename>multilingual.ttf</filename>
			<size>16</size>
			<style>uppercase</style>
			<linespacing>0.75</linespacing> 
		</font>
		<font>
			<name>MediaInfoFont3</name>
			<filename>multilingual.ttf</filename>
			<aspect>0.85</aspect>
			<size>15</size>
			<style>uppercase</style>
			<linespacing>0.75</linespacing> 
		</font>
		<font>
			<name>MediaFlagSubtitleFont</name>
			<filename>multilingual.ttf</filename>
			<aspect>0.90</aspect>
			<size>16</size>
			<style>uppercase bold</style>
			<linespacing>0.75</linespacing> 
		</font>
		<font>
			<name>MediaInfoDescFont</name>
			<filename>multilingual.ttf</filename>
			<size>17</size>
			<linespacing>0.75</linespacing> 
		</font>
		<font>
			<name>DialogMediaInfoFont</name>
			<filename>multilingual.ttf</filename>
			<size>15</size>
			<style>uppercase bold</style>
			<linespacing>0.75</linespacing> 
		</font>
		
		<font>
			<name>PanelTitleFont</name>
			<filename>multilingual.ttf</filename>
			<size>19</size>
			<style>uppercase bold</style>
			<linespacing>0.75</linespacing> 
		</font>
		<font>
			<name>PanelInfoHeadFont</name>
			<filename>multilingual.ttf</filename>
			<size>17</size>
			<style>uppercase bold</style>
			<linespacing>0.75</linespacing> 
		</font>
		<font>
			<name>PanelInfoFont</name>
			<filename>multilingual.ttf</filename>
			<size>15</size>
			<style>uppercase bold</style>
			<linespacing>0.75</linespacing> 
		</font>
		<font>
			<name>PanelStatsFont</name>
			<filename>multilingual.ttf</filename>
			<size>13</size>
			<style>uppercase bold</style>
			<linespacing>0.75</linespacing> 
		</font>
			
		<font>
			<name>FSInfoTitleFont</name>
			<filename>multilingual.ttf</filename>
			<size>25</size>
			<style>uppercase bold</style>
			<linespacing>0.75</linespacing> 
		</font>
		<font>
			<name>PausedFont</name>
			<filename>multilingual.ttf</filename>
			<size>85</size>
			<style>uppercase bold</style>
			<linespacing>0.75</linespacing> 
		</font>
		<font>
			<name>FSInfoFont</name>
			<filename>multilingual.ttf</filename>
			<size>16</size>
			<style>uppercase</style>
			<linespacing>0.75</linespacing> 
		</font>
		<font>
			<name>FSInfoFont2</name>
			<filename>multilingual.ttf</filename>
			<size>16</size>
			<style>uppercase</style>
			<linespacing>0.75</linespacing> 
		</font>
		<font>
			<name>OSDFont</name>
			<filename>multilingual.ttf</filename>
			<size>19</size>
			<style>bold</style>
			<linespacing>0.75</linespacing> 
		</font>
		<font>
			<name>OSDFont2</name>
			<filename>multilingual.ttf</filename>
			<size>18</size>
			<linespacing>0.75</linespacing> 
		</font>
		
		<font>
			<name>InfoPaneFont</name>
			<filename>multilingual.ttf</filename>
			<size>17</size>
			<style>uppercase bold</style>
			<linespacing>0.75</linespacing> 
		</font>		
		<font>
			<name>InfoPaneFont2</name>
			<filename>multilingual.ttf</filename>
			<size>10</size>
			<style>uppercase bold</style>
			<linespacing>0.75</linespacing> 
		</font>	
		<font>
			<name>InfoPaneFontYear</name>
			<filename>multilingual.ttf</filename>
			<size>14</size>
			<style>uppercase bold</style>
			<linespacing>0.75</linespacing> 
		</font>	
		<font>
			<name>InfoPaneItemBigFont</name>
			<filename>multilingual.ttf</filename>
			<size>22</size>
			<style>uppercase bold</style>
			<linespacing>0.75</linespacing> 
		</font>
		<font>
			<name>AlphabetNoFocus</name>
			<filename>multilingual.ttf</filename>
			<size>20</size>
			<style>bold</style>
			<linespacing>0.75</linespacing> 
		</font>
		<font>
			<name>YearSetFont</name>
			<filename>multilingual.ttf</filename>
			<size>44</size>
		</font>	
		<font>
			<name>MediaInfoTimeFont</name>
			<filename>multilingual.ttf</filename>
			<size>14</size>
			<style>uppercase bold</style>
			<linespacing>0.75</linespacing> 
		</font>
		
		<font>
			<name>HomeSubMenuBtnFont</name>
			<filename>multilingual.ttf</filename>
			<size>14</size>
			<style>uppercase</style>
			<linespacing>0.75</linespacing> 
		</font>	
		<font>
			<name>DialogTitleFont</name>
			<filename>multilingual.ttf</filename>
			<size>16</size>
			<style>uppercase</style>
			<linespacing>0.75</linespacing> 
		</font>	
		<font>
			<name>DialogHeadFont</name>
			<filename>multilingual.ttf</filename>
			<size>14</size>
			<style>uppercase bold</style>
			<linespacing>0.75</linespacing> 
		</font>
		<font>
			<name>ButtonFont</name>
			<filename>multilingual.ttf</filename>
			<size>12</size>
			<style>uppercase</style>
			<linespacing>0.75</linespacing> 
		</font>

		<font>
			<name>ButtonFont2</name>
			<filename>multilingual.ttf</filename>
			<size>16</size>
			<style>bold</style>
			<linespacing>0.75</linespacing> 
		</font>
		<font>
			<name>ProfileNameFont</name>
			<filename>multilingual.ttf</filename>
			<size>24</size>
			<style>uppercase</style>
			<linespacing>0.75</linespacing> 
		</font>
		<font>
			<name>YoutubeBrowserFont</name>
			<filename>multilingual.ttf</filename>
			<aspect>0.96</aspect>
			<size>13</size>
			<style>uppercase</style>
			<linespacing>0.75</linespacing> 
		</font>
		<font>
			<name>SubMenuArrowFont</name>
			<filename>multilingual.ttf</filename>
			<size>12</size>
			<style>uppercase</style>
			<linespacing>0.75</linespacing> 
		</font>
		<font>
			<name>SettingsCatFont</name>
			<filename>multilingual.ttf</filename>
			<size>18</size>
			<style>uppercase bold</style>
			<linespacing>0.75</linespacing> 
		</font>
		<font>
			<name>SettingsHeadFont</name>
			<filename>multilingual.ttf</filename>
			<size>16</size>
			<style>uppercase bold</style>
			<linespacing>0.75</linespacing> 
		</font>
		<font>
			<name>SettingsContentFont</name>
			<filename>multilingual.ttf</filename>
			<size>15</size>
			<style>uppercase</style>
			<linespacing>0.75</linespacing> 
		</font>
		<font>
			<name>SettingsContentFont2</name>
			<filename>multilingual.ttf</filename>
			<size>15</size>
			<linespacing>0.75</linespacing> 
		</font>
		<font>
			<name>ScreenCalibrationFont</name>
			<filename>multilingual.ttf</filename>
			<size>20</size>
			<style>uppercase</style>
			<linespacing>0.75</linespacing> 
		</font>	
		<font>
			<name>SortLetterFont</name>
			<filename>multilingual.ttf</filename>
			<size>20</size>
			<style>uppercase</style>
			<linespacing>0.75</linespacing> 
		</font>
		<font>
			<name>SpinControlFont</name>
			<filename>multilingual.ttf</filename>
			<size>12</size>
			<style>uppercase</style>
			<linespacing>0.75</linespacing> 
		</font>
		<font>
			<name>RSSFont</name>
			<filename>multilingual.ttf</filename>
			<size>18</size>
			<style>uppercase</style>
			<linespacing>0.75</linespacing> 
		</font>
		<font>
			<name>FileManagerInfoFont</name>
			<filename>multilingual.ttf</filename>
			<size>17</size>
			<linespacing>0.75</linespacing> 
		</font>
	</fontset>
</fonts>