<?xml version="1.0" encoding="UTF-8"?>
<includes>
	<include file="Defaults.xml"/>
	<include file="includes_Addons.xml"/>
	<include file="includes_Animations.xml"/>
	<include file="includes_Backgrounds.xml"/>
	<include file="includes_BreadCrumbs.xml"/>
	<include file="includes_Dialogs.xml"/>
	<include file="includes_InCinemas.xml"/>
	<include file="includes_Home.xml"/>
	<include file="includes_InfoPane.xml"/>
	<include file="includes_MediaFlags.xml"/>
	<include file="includes_MenuBar.xml"/>
	<include file="includes_Scrollbars.xml"/>
	<include file="includes_StatusBar.xml"/>
	<include file="ViewsAddons.xml"/>
	<include file="ViewsCommon.xml"/>
	<include file="ViewsMovies.xml"/>
	<include file="ViewsTVShows.xml"/>
	<include file="Views.xml"/>	
	
	<constant name="ScreenWidth">1280</constant>
	<constant name="ScreenHeight">720</constant>
	<constant name="DialogHeadingOffsetX">40</constant>
	<constant name="DialogHeadingOffsetY">14</constant>
	<constant name="DialogMarginOffsetX">35</constant>
	<constant name="DialogMarginOffsetY">53</constant>
	<constant name="Dialog4MarginOffsetY">35</constant>
	<constant name="MenuBarHeight">37</constant>
	<constant name="MenuBarPlayerHeight">50</constant>
	<constant name="MenuBarOffsetY">45</constant>
	<constant name="StatusBartop">0</constant>
	<constant name="BottomPaneOffsetY">675</constant>
	<constant name="BottomPaneOffsetLargeY">645</constant>
	<constant name="BackgroundCrossfadeTime">600</constant>
	<constant name="IconCrossfadeTime">400</constant>
	<constant name="FanartCrossfadeTime">600</constant>
	<constant name="MediaFlagsCrossfadeTime">400</constant>
	<constant name="DepthDialog">0.50</constant>
	<constant name="DepthDialog+">0.54</constant>
	<constant name="DepthDialog-">0.46</constant>
	<constant name="DepthMax">0.54</constant>
	<constant name="DepthOSD">0.40</constant>
	<constant name="DepthOSD+">0.44</constant>
	<constant name="DepthOSD-">0.20</constant>
	<constant name="DepthContent">0</constant>
	<constant name="DepthContent+">0.06</constant>
	<constant name="DepthTopBar">0.11</constant>
	<constant name="DepthContentPopout">0.10</constant>
	<constant name="DepthMenuBar">0.08</constant>
	<constant name="DepthHomeMenu">0.11</constant>
	<constant name="DepthHomeMenuCategoryFocus">0.15</constant>
	<constant name="DepthBackground">-0.80</constant>
	<constant name="MenuBarOffsetPopUp">75</constant>
	<constant name="MenuBarOffsetPopUpImages">91</constant>

	<include name="OnloadViews">
		<onload condition="Container.Content(movies) | Container.Content(Seasons)">Container.SetViewMode(69)</onload>
		<onload condition="Container.Content(tvshows)">Container.SetViewMode(100)</onload>
		<onload condition="Container.Content(episodes)">Container.SetViewMode(68)</onload>
	</include>

	<include name="OnUnloadViews">
		<onunload condition="Container.Content(movies) | Container.Content(Seasons)">Container.SetViewMode(69)</onunload>
		<onunload condition="Container.Content(tvshows)">Container.SetViewMode(100)</onunload>
		<onunload condition="Container.Content(episodes)">Container.SetViewMode(68)</onunload>
	</include>

	<variable name="PosterThumb">
		<value condition="Skin.HasSetting(EnableAnimatedPosters) + [Container.Content(Movies) | Container.Content(Sets)] + !String.IsEmpty(ListItem.Art(animatedposter)) + [Control.IsVisible(52) | Control.IsVisible(53) | Control.IsVisible(54) | Control.IsVisible(66) | Control.IsVisible(69) | Control.IsVisible(75) | Control.IsVisible(65) | Control.IsVisible(588)]">$INFO[ListItem.Art(animatedposter)]</value>
		<value condition="Skin.HasSetting(EnableAnimatedPosters) + [Container.Content(Movies) | Container.Content(Sets)] + !String.IsEmpty(Window(Home).Property(SkinHelper.ListItem.Art.AnimatedPoster)) + [Control.IsVisible(58) | Control.IsVisible(95) | Window.IsVisible(MovieInformation)]">$INFO[Window(Home).Property(SkinHelper.ListItem.Art.AnimatedPoster)]</value>
		<value condition="!String.IsEmpty(ListItem.Art(poster))">$INFO[ListItem.Art(poster)]</value>
		<value condition="Container.Content(Seasons) + String.IsEmpty(ListItem.DBID) + !String.IsEmpty(Container.Art(tvshow.poster))">$INFO[Container.Art(tvshow.poster)]</value>
		<value>$INFO[ListItem.Thumb]</value>
	</variable>

	<variable name="FanartBackground">
		<value condition="!String.IsEmpty(Fanart.Image)">$INFO[Fanart.Image]</value>
		<value condition="Container.Content(movies) + !String.IsEmpty(Fanart.Image) + Skin.HasSetting(ShowMovieWallFanart)">$INFO[Fanart.Image]</value>
		<value condition="Container.Content(Seasons) | String.Contains(Container.FolderPath,season) | String.Contains(Container.FolderPath,$LOCALIZE[20373])">$INFO[Fanart.Image]</value>
		<value condition="Container.Content(movies) + IsEmpty(Fanart.Image) + Skin.HasSetting(ShowMovieWallFanart)">$INFO[ListItem.Path]fanart.jpg</value>
		<value condition="String.Contains(ListItem.Thumb,IMAGE:)">$INFO[ListItem.Path]fanart.jpg</value>
	</variable>

	<variable name="WallWatchedIconVar">
		<value condition="ListItem.IsCollection">overlays/set.png</value>
		<value condition="ListItem.IsPlaying">overlays/watched/OverlayPlaying-List.png</value>
		<value condition="ListItem.IsResumable">overlays/watched/resume.png</value>
		<value condition="Integer.IsGreater(ListItem.Playcount,0)">$INFO[ListItem.Overlay]</value>
	</variable>	
	 
	<variable name="SeasonEpisodesNumberVar">
		<value condition="Integer.IsLessOrEqual(ListItem.Season,9) + Integer.IsLessOrEqual(ListItem.Episode,9)">$INFO[ListItem.Season,S0,]$INFO[ListItem.Episode,E0,]</value> 
		<value condition="Integer.IsLessOrEqual(ListItem.Season,9)">$INFO[ListItem.Season,S0,]$INFO[ListItem.Episode,E,]</value> 
		<value condition="Integer.IsLessOrEqual(ListItem.Episode,9)">$INFO[ListItem.Season,S,]$INFO[ListItem.Episode,E0,]</value> 
		<value>$INFO[ListItem.Season,S,]$INFO[ListItem.Episode,E,]</value>
	</variable>

	<variable name="SettingsMenubarDescription">
		<value condition="Control.HasFocus(101)">$LOCALIZE[31136]</value>
		<value condition="Control.HasFocus(104)">$LOCALIZE[31959]</value>
		<value condition="Control.HasFocus(105)">$LOCALIZE[31140]</value>
		<value condition="Control.HasFocus(110)">$LOCALIZE[31141]</value>
		<value condition="Control.HasFocus(103)">$LOCALIZE[31954]</value>
		<value condition="Control.HasFocus(106)">$LOCALIZE[31139]</value>
		<value condition="Control.HasFocus(107)">$LOCALIZE[31137]</value>
		<value condition="Control.HasFocus(108)">$LOCALIZE[31138]</value>
		<value condition="Control.HasFocus(109)">$LOCALIZE[31142]</value>		
	</variable>
	
	<variable name="DialogSelectLabelAddonVersion">
		<value condition="!String.IsEmpty(ListItem.AddonVersion)">$INFO[ListItem.AddonVersion]</value>
		<value>$INFO[ListItem.Label2]</value>
	</variable>
	
	<variable name="AudioDSPManagerDescription">
		<value condition="Control.HasFocus(20)">$INFO[Container(20).ListItem.Property(Description)]</value>
		<value condition="Control.HasFocus(21)">$INFO[Container(21).ListItem.Property(Description)]</value>
		<value>$INFO[Container(9000).ListItem.Label2]</value>
	</variable>
	
	<variable name="TrailerButtonLabelVar">
		<value condition="!String.IsEmpty(ListItem.Trailer)">$LOCALIZE[20410]</value>
		<value>$LOCALIZE[31019]</value>
	</variable>
	
	<include name="ScreenSize">
		<width>ScreenWidth</width>
		<height>ScreenHeight</height>
	</include>
	
	<include name="BackgroundSize">
		<width>ScreenWidth</width>
		<height>ScreenHeight</height>
	</include>
	
	<include name="ViewsDialogPopUpScreenDim">
		<control type="image">
			<include>ScreenSize</include>
			<texture>background/dim.png</texture>
			<animation effect="fade" start="0" end="50" time="450">VisibleChange</animation>
			<visible>Window.IsActive(1110)</visible>
		</control>
	</include>
	
	<include name="DialogPopUpScreenDim">
		<control type="image">
			<include>ScreenSize</include>
			<texture>background/dim.png</texture>
			<animation effect="fade" start="0" end="50" time="450">VisibleChange</animation>
			<visible>Window.IsActive(ShutdownMenu) | Window.IsActive(NumericInput) | Window.IsActive(LockSettings) | Window.IsActive(PlayerControls) | Window.IsActive(Favourites) | Window.IsActive(VirtualKeyboard)</visible>
		</control>
	</include>
	
	<include name="TopBarImage">	
		<control type="image">
			<width>ScreenWidth</width>
			<height>47</height>
			<texture border="0,0,0,6">gui/top-bar-background.png</texture>
			<aspectratio>stretch</aspectratio>
			<animation effect="fade" end="83" condition="true">Conditional</animation>
		</control>	
		
		<control type="image">
			<width>ScreenWidth</width>
			<height>43</height>
			<texture>gui/bottom-bar-overlay.png</texture>
			<animation effect="fade" end="68" condition="true">Conditional</animation>
		</control>
	</include>
	
	<include name="HomeTopBarImage">	
		<control type="image">
			<width>ScreenWidth</width>
			<height>47</height>
			<texture border="0,0,0,6">gui/top-bar-background.png</texture>
			<aspectratio>stretch</aspectratio>
			<animation effect="fade" end="83" condition="true">Conditional</animation>
		</control>	
	</include>
	
	<include name="HomeTopBarOverlay">
		<control type="image">
			<width>ScreenWidth</width>
			<height>43</height>
			<texture>gui/bottom-bar-overlay.png</texture>
			<animation effect="fade" end="68" condition="true">Conditional</animation>
		</control>
	</include>
	
	<include name="NotifyPanel">
		<control type="image">
			<top>-5</top>
			<width>360</width>
			<height>50</height>
			<texture border="20,0,20,8">panels/notify-panel.png</texture>
			<aspectratio>stretch</aspectratio>
		</control>	
	</include>
	
	<include name="NotifyPanelIcon">
		<left>20</left>
		<top>6</top>
		<width>30</width>
		<height>30</height>
		<aspectratio>stretch</aspectratio>
		<animation effect="fade" end="60" condition="true">Conditional</animation>
	</include>
	
	<include name="NotifyPanelLabel">
		<left>60</left>
		<top>2</top>
		<width>275</width>
		<height>16</height>
		<font>NowPlayingFont</font>	
		<textcolor>WhiteColor</textcolor>
		<scrollout>false</scrollout>
		<pauseatend>1500</pauseatend>
		<scroll>no</scroll>
	</include>
	
	<include name="NotifyPanelLabel2">
		<left>60</left>
		<top>20</top>
		<width>275</width>
		<height>16</height>
		<font>NowPlayingFont</font>	
		<textcolor>GreyColor2</textcolor>
		<scrollout>false</scrollout>
		<pauseatend>1500</pauseatend>
		<scroll>true</scroll>
	</include>
	
	<include name="PlayerControlsPanel">
		<control type="image">
			<left>28</left>
			<width>1224</width>
			<height>75</height>
			<texture border="8">panels/panel.png</texture>
			<aspectratio>stretch</aspectratio>
		</control>	
	</include>
	
	<include name="ContextMenuBtn">
		<width>280</width>
		<textwidth>270</textwidth>
		<scroll>true</scroll>
	</include>
	
	<include name="ShutdownContextMenuBtn">
		<width>280</width>
		<textwidth>230</textwidth>
		<scroll>true</scroll>
	</include>
	
	<!-- Settings -->
	<include name="SettingsCatBtn">
		<width>215</width>
		<height>50</height>
		<font>SettingsCatFont</font>
		<textcolor>SettingsCatColor</textcolor>
		<shadowcolor>ShadowColor</shadowcolor>
		<textwidth>195</textwidth>
		<textoffsetx>10</textoffsetx>
		<align>left</align>
		<texturefocus border="5">controls/button-focus.png</texturefocus>
		<texturenofocus />
		<pulseonselect>false</pulseonselect>
	</include>
	
	<include name="SettingsInactiveCatBtn">
		<width>215</width>
		<height>50</height>
		<font>SettingsCatFont</font>
		<textcolor>SelectedColor</textcolor>
		<shadowcolor>ShadowColor</shadowcolor>
		<textwidth>195</textwidth>
		<textoffsetx>10</textoffsetx>
		<align>left</align>
		<texturefocus />
		<texturenofocus border="5">settings/settings-cat-button-alt-focus.png</texturenofocus>
		<pulseonselect>false</pulseonselect>
	</include>
	
	<include name="SettingsHeaderBtn">
		<width>755</width>
		<height>50</height>
		<font>SettingsHeadFont</font>
		<textcolor>SettingsContentColor</textcolor>
		<shadowcolor>ShadowColor</shadowcolor>
		<disabledcolor>ContentTitleColor</disabledcolor>
		<align>left</align>
		<textoffsetx>0</textoffsetx>
		<textwidth>755</textwidth>
		<texturefocus border="5">controls/settings-button-nofocus.png</texturefocus>
		<texturenofocus border="5">controls/settings-button-nofocus.png</texturenofocus>
		<pulseonselect>false</pulseonselect>
		<enable>false</enable>
	</include>
	
	<include name="SettingsBackBtn">
		<left>-50</left>
		<top>250</top>
		<width>28</width>
		<height>41</height>
		<texturefocus flipx="true">controls/nav-arrow-right-focus.png</texturefocus>
		<texturenofocus flipx="true">controls/nav-arrow-right-nofocus.png</texturenofocus>
	</include>
	
	<include name="SettingsInfoLabel">
		<left>755</left>
		<top>548</top>
		<width>560</width>
		<font>SettingsContentFont2</font>
		<textcolor>MediaInfoTitleColor2</textcolor>
		<shadowcolor>ShadowColor</shadowcolor>
		<align>right</align>
	</include>

	<include name="SettingsContentBtn">
		<width>755</width>
		<height>50</height>
		<font>SettingsContentFont</font>
		<textcolor>SettingsContentColor</textcolor>
		<shadowcolor>ShadowColor</shadowcolor>
		<align>left</align>
		<textoffsetx>10</textoffsetx>
		<textwidth>735</textwidth>
		<texturefocus border="5">controls/settings-button-focus.png</texturefocus>
		<texturenofocus border="5">controls/settings-button-nofocus.png</texturenofocus>
		<pulseonselect>false</pulseonselect>
	</include>
	
	<include name="SettingsSystemInfoContentBtn">
		<width>755</width>
		<height>40</height>
		<font>SettingsContentFont</font>
		<textcolor>SettingsContentColor</textcolor>
		<disabledcolor>SettingsContentColor</disabledcolor>
		<shadowcolor>ShadowColor</shadowcolor>
		<align>left</align>
		<textoffsetx>10</textoffsetx>
		<textwidth>735</textwidth>
		<texturefocus />
		<texturenofocus />
		<pulseonselect>false</pulseonselect>
		<enable>false</enable>
	</include>
	
	<include name="SettingsContentRadioBtn">
		<width>755</width>
		<height>50</height>
		<font>SettingsContentFont</font>
		<textcolor>SettingsContentColor</textcolor>
		<shadowcolor>ShadowColor</shadowcolor>
		<align>left</align>
		<textoffsetx>10</textoffsetx>
		<textwidth>675</textwidth>
		<texturefocus border="5">controls/settings-button-focus.png</texturefocus>
		<texturenofocus border="5">controls/settings-button-nofocus.png</texturenofocus>
		<pulseonselect>false</pulseonselect>
	</include>
	
	<include name="SettingsContentToggleBtn">
		<width>755</width>
		<height>50</height>
		<font>SettingsContentFont</font>
		<textcolor>SettingsContentColor</textcolor>
		<shadowcolor>ShadowColor</shadowcolor>
		<align>left</align>
		<textoffsetx>10</textoffsetx>
		<textwidth>675</textwidth>
		<texturefocus border="5">controls/settings-toggle-button-focus.png</texturefocus>
		<texturenofocus border="5">controls/settings-toggle-button-nofocus.png</texturenofocus>
		<alttexturefocus border="5">controls/settings-toggle-button-focus2.png</alttexturefocus>
		<alttexturenofocus border="5">controls/settings-toggle-button-nofocus2.png</alttexturenofocus>
		<pulseonselect>false</pulseonselect>
	</include>
	
	<include name="SettingsContentExpandBtn">
		<width>755</width>
		<height>50</height>
		<font>SettingsContentFont</font>
		<textcolor>SettingsContentColor</textcolor>
		<shadowcolor>ShadowColor</shadowcolor>
		<align>left</align>
		<textoffsetx>10</textoffsetx>
		<textwidth>675</textwidth>
		<radiowidth>50</radiowidth>
		<radioheight>25</radioheight>
		<textureradiofocus>settings/settings-expand-arrow.png</textureradiofocus>
		<textureradionofocus>settings/settings-expand-arrow.png</textureradionofocus>
		<texturefocus border="5">controls/settings-button-focus.png</texturefocus>
		<texturenofocus border="5">controls/settings-button-nofocus.png</texturenofocus>
		<pulseonselect>false</pulseonselect>
	</include>
	
	<include name="ExpandedSettingsListBtn">
		<width>540</width>
		<height>50</height>
		<font>SettingsContentFont</font>
		<textcolor>SettingsContentColor</textcolor>
		<shadowcolor>ShadowColor</shadowcolor>
		<align>left</align>
		<textoffsetx>10</textoffsetx>
		<textwidth>520</textwidth>
		<texturefocus border="5">controls/settings-button-focus.png</texturefocus>
		<texturenofocus border="5">controls/settings-button-nofocus.png</texturenofocus>
		<pulseonselect>false</pulseonselect>
	</include>
	
	<include name="ExpandedSettingsHeaderBtn">
		<width>540</width>
		<height>50</height>
		<font>SettingsHeadFont</font>
		<textcolor>SettingsContentColor</textcolor>
		<shadowcolor>ShadowColor</shadowcolor>
		<disabledcolor>ContentTitleColor</disabledcolor>
		<align>left</align>
		<textoffsetx>0</textoffsetx>
		<textwidth>540</textwidth>
		<texturefocus border="5">controls/settings-button-nofocus.png</texturefocus>
		<texturenofocus border="5">controls/settings-button-nofocus.png</texturenofocus>
		<enable>false</enable>
	</include>
	
	<include name="ExpandedSettingsGroupRadioBtn">
		<width>174</width>
		<height>50</height>
		<font>SettingsContentFont</font>
		<textcolor>SettingsContentColor</textcolor>
		<shadowcolor>ShadowColor</shadowcolor>
		<align>left</align>
		<textoffsetx>10</textoffsetx>
		<textwidth>114</textwidth>
		<radioposx>126</radioposx>
		<textureradiofocus>controls/radio-button-focus3.png</textureradiofocus>
		<textureradionofocus>controls/radio-button-nofocus3.png</textureradionofocus>
		<texturefocus border="5">controls/button-focus.png</texturefocus>
		<texturenofocus border="5">controls/button-nofocus.png</texturenofocus>
		<alttexturefocus border="5">controls/button-focus.png</alttexturefocus>
		<alttexturenofocus border="5">controls/button-nofocus.png</alttexturenofocus>
		<pulseonselect>false</pulseonselect>
	</include>

	<include name="ExpandedSettingsToggleBtn">
		<width>540</width>
		<height>50</height>
		<font>SettingsContentFont</font>
		<textcolor>SettingsContentColor</textcolor>
		<shadowcolor>ShadowColor</shadowcolor>
		<align>left</align>
		<textoffsetx>10</textoffsetx>
		<textwidth>460</textwidth>
		<texturefocus border="5">controls/settings-toggle-button2-focus.png</texturefocus>
		<texturenofocus border="5">controls/settings-toggle-button2-nofocus.png</texturenofocus>
		<alttexturefocus border="5">controls/settings-toggle-button2-focus2.png</alttexturefocus>
		<alttexturenofocus border="5">controls/settings-toggle-button2-nofocus2.png</alttexturenofocus>
		<pulseonselect>false</pulseonselect>
	</include>

	<include name="ExpandedSettingsRadioBtn">
		<width>205</width>
		<height>50</height>
		<font>SettingsContentFont</font>
		<textcolor>SettingsContentColor</textcolor>
		<shadowcolor>ShadowColor</shadowcolor>
		<align>left</align>
		<textoffsetx>10</textoffsetx>
		<textwidth>125</textwidth>
		<radioposx>144</radioposx>
		<textureradiofocus>controls/radio-button-focus.png</textureradiofocus>
		<textureradionofocus>controls/radio-button-nofocus.png</textureradionofocus>
		<texturefocus border="5">controls/button-focus.png</texturefocus>
		<texturenofocus border="5">controls/button-nofocus.png</texturenofocus>
		<alttexturefocus border="5">controls/button-focus.png</alttexturefocus>
		<alttexturenofocus border="5">controls/button-nofocus.png</alttexturenofocus>
		<pulseonselect>false</pulseonselect>
	</include>
	
	<include name="ExpandedSettingsImagePreview">
		<width>205</width>
		<height>195</height>
		<bordersize>10</bordersize>
		<aspectratio>keep</aspectratio>
		<include>ControlsOpenCloseAnim</include>
	</include>
	<!-- END Settings -->
	
	<include name="KeyboardSmallBtn">	
		<width>48</width>
	    <height>48</height>
	    <font>DefaultFontB</font>		
	</include>
	
	<include name="KeyboardBigBtn">	
		<width>98</width>
	    <height>48</height>			
	</include>

	<include name="FileManagerInfoLabel">
		<width>180</width>
		<height>10</height>
		<font>FileManagerInfoFont</font>
		<textcolor>MediaInfoItemColor</textcolor>
		<shadowcolor>ShadowColor</shadowcolor>
		<align>center</align>
	</include>
	
	<include name="FileManagerInfoLabel2">
		<width>180</width>
		<height>32</height>
		<font>FileManagerInfoFont</font>
		<textcolor>MediaInfoItemColor2</textcolor>
		<shadowcolor>ShadowColor</shadowcolor>
		<align>center</align>
	</include>

	<include name="FSMediaInfoBackgroundDim">
		<control type="image">
			<depth>DepthBackground</depth>
			<include>BackgroundSize</include>
			<texture>views/fanart-dim.png</texture>
			<include>MediaViewOpenCloseAnim</include>
			<animation effect="fade" end="60" condition="true">Conditional</animation>
		</control>
	</include>
	
	<include name="FSMediaInfoBackgroundDim2">
		<control type="image">
			<depth>DepthBackground</depth>
			<include>BackgroundSize</include>
			<texture>views/fanart-dim.png</texture>
			<include>MediaViewOpenCloseAnim</include>
			<animation effect="fade" end="80" condition="true">Conditional</animation>
		</control>
	</include>
	
	<include name="FSMediaInfoBackgroundDim3">
		<control type="image">
			 <include>BackgroundSize</include>
			 <texture>views/fanart-dim.png</texture>
			 <include>MediaViewOpenCloseAnim</include>
			 <animation effect="fade" end="70" condition="true">Conditional</animation>
		</control>
	</include>

	
	<!-- Sort Letter Notification -->
	<variable name="SortLetterNotificationVar">
		<value condition="Control.HasFocus(584)">$INFO[Container(584).ListItem.SortLetter]</value>
		<value condition="Control.HasFocus(120)">$INFO[Container(120).ListItem.SortLetter]</value>
		<value condition="Control.HasFocus(221)">$INFO[Container(221).ListItem.SortLetter]</value>
		<value condition="Control.HasFocus(211)">$INFO[Container(211).ListItem.SortLetter]</value>
		<value condition="Control.HasFocus(111)">$INFO[Container(111).ListItem.SortLetter]</value>
		<value condition="Control.HasFocus(121)">$INFO[Container(121).ListItem.SortLetter]</value>
		<value condition="Control.HasFocus(131)">$INFO[Container(131).ListItem.SortLetter]</value>
		<value condition="Control.HasFocus(141)">$INFO[Container(141).ListItem.SortLetter]</value>
		<value condition="Control.HasFocus(151)">$INFO[Container(151).ListItem.SortLetter]</value>
		<value condition="Control.HasFocus(161)">$INFO[Container(161).ListItem.SortLetter]</value>
		<value condition="Control.HasFocus(171)">$INFO[Container(171).ListItem.SortLetter]</value>
		<value condition="Control.HasFocus(181)">$INFO[Container(181).ListItem.SortLetter]</value>
		<value condition="Control.HasFocus(145)">$INFO[Container(145).ListItem.SortLetter]</value>
		<value>$INFO[ListItem.SortLetter]</value>
	</variable>

	<include name="SortLetterNotification">
		<control type="group">
			<visible>Container.Scrolling | Container(584).Scrolling | [Window.IsActive(script-globalsearch-main.xml) + [Container(221).Scrolling | Container(111).Scrolling | Container(211).Scrolling | Container(121).Scrolling | Container(131).Scrolling | Container(141).Scrolling | Container(151).Scrolling | Container(161).Scrolling | Container(171).Scrolling | Container(181).Scrolling]]</visible>
		
			<animation type="Visible">
				<effect type="fade" start="0" end="100" time="300" delay="100"/>
				<effect type="slide" start="-60,0" time="400" tween="cubic" easing="out" delay="100"/>	
			</animation>
			
			<animation type="Hidden">
				<effect type="fade" start="100" end="0" time="300" delay="1000"/>
				<effect type="slide" end="-60,0" time="400" delay="1000" tween="cubic" easing="out"/>	
			</animation>
			
			<control type="label">
				<height>43</height>
				<width>42</width>
				<align>center</align>
				<aligny>center</aligny>
				<font>BreadCrumbFontBold</font>
				<textcolor>BreadCrumbColor</textcolor>
				<label>$VAR[SortLetterNotificationVar]</label>
			</control>
		</control>
	</include>
	<!-- END Sort Letter Notification -->
	
	<include name="RedirectBtn">
		<left>-1</left>
		<top>-1</top>
		<width>1</width>
		<height>1</height>
		<texturefocus />
		<texturenofocus />
	</include>
	
	<include name="DropDownMenuCloseHitRect">
		<include>ScreenSize</include>
		<texturenofocus />
		<texturefocus />
		<onclick>Control.SetFocus(500)</onclick>
	</include>
	
	<include name="ReloadSkinNotification">
		<onclick>Notification($LOCALIZE[32024],$LOCALIZE[31219],3000,)</onclick>
	</include>
	
	<!-- DialogVideoInfo.xml -->
	<variable name="DialogVideoInfoButton8">
		<value condition="String.IsEqual(ListItem.DBTYPE,movie) | String.IsEqual(ListItem.DBTYPE,episode)">$LOCALIZE[208]</value>
		<value>$LOCALIZE[21385]</value>
	</variable>	
	<include name="InfoActors">
		<left>470</left>
		<top>460</top>
		<width>710</width>
		<height>175</height>
		<onup>901</onup>
		<itemlayout height="35" width="355">		
			<control type="image">
				<left>5</left>
				<top>5</top>
				<width>24</width>
				<height>24</height>
				<texture background="true">$INFO[ListItem.ActualIcon].png</texture>
			</control>
			<control type="label">
				<top>6</top>
				<left>35</left>
				<width>318</width>
				<height>23</height>
				<font>FullMediaInfoDescFont</font>
				<textcolor>GreyColor2</textcolor>
				<selectedcolor>SelectedColor</selectedcolor>
				<shadowcolor>ShadowColor</shadowcolor>
				<align>left</align>
				<aligny>center</aligny>
				<label>$INFO[ListItem.Label]$INFO[ListItem.Label2, $LOCALIZE[20347] ,]</label>
			</control>				
		</itemlayout>				
		<focusedlayout height="35" width="355">				
			<control type="image">
				<width>355</width>
				<height>33</height>
				<texture border="4">views/list-focus.png</texture>
				<include>ListViewSelectFadeAnim</include>
			</control>	
			<control type="image">
				<left>5</left>
				<top>5</top>
				<width>24</width>
				<height>24</height>
				<texture background="true">$INFO[ListItem.ActualIcon].png</texture>
			</control>
			<control type="label">
				<top>6</top>
				<left>35</left>
				<width>318</width>
				<height>23</height>
				<font>FullMediaInfoDescFont</font>
				<textcolor>GreyColor2</textcolor>
				<selectedcolor>SelectedColor</selectedcolor>
				<shadowcolor>ShadowColor</shadowcolor>
				<align>left</align>
				<aligny>center</aligny>
				<label>$INFO[ListItem.Label]$INFO[ListItem.Label2, $LOCALIZE[20347] ,]</label>
			</control>
		</focusedlayout>
	</include>
	<include name="InfoActorsExtendedinfo">
		<left>469</left>
		<top>459</top>
		<width>715</width>
		<height>175</height>
		<onup>901</onup>
		<orientation>horizontal</orientation>
		<itemlayout height="175" width="143">		
			<control type="image">
				<width>140</width>
				<height>175</height>
				<bordertexture border="4">covers/cover-case2.png</bordertexture>
				<bordersize>4</bordersize>
				<aspectratio align="center" aligny="center">scale</aspectratio>
				<texture background="true">$INFO[ListItem.Thumb]</texture>
			</control>
			<control type="image">
				<width>140</width>
				<height>175</height>
				<texture border="4">covers/cover-case2.png</texture>
				<visible>String.IsEmpty(ListItem.Thumb)</visible>
			</control>
			<control type="image">
				<top>7</top>
				<width>140</width>
				<height>140</height>
				<texture background="true">DefaultActor.png</texture>
				<aspectratio align="center" aligny="top">keep</aspectratio>
				<visible>String.IsEmpty(ListItem.Thumb)</visible>
			</control>
			<control type="image">
				<left>10</left>
				<top>140</top>
				<width>120</width>
				<height>27</height>
				<texture border="8">views/genre-background.png</texture>
				<visible>!String.IsEmpty(ListItem.Label)</visible>
			</control>
			<control type="label">
				<left>15</left>
				<top>144</top>
				<width>110</width>
				<align>center</align>
				<font>SubMenuArrowFont</font>
				<textcolor>WhiteColor</textcolor>
				<shadowcolor>ShadowColor</shadowcolor>
				<label>$INFO[ListItem.Label]</label>
				<visible>!String.IsEmpty(ListItem.Label)</visible>
			</control>
		</itemlayout>				
		<focusedlayout height="175" width="143">
			<control type="group">
				<include>ListViewCoverFocusAnim</include>
				<control type="image">
					<width>140</width>
					<height>175</height>
					<texture border="4">covers/cover-case-noshadow-focus.png</texture>
					<include>ListViewOverlayFadeAnim</include>
				</control>
				<control type="image">
					<width>140</width>
					<height>175</height>
					<texture border="4">background/black.png</texture>
					<bordersize>3</bordersize>
					<visible>String.IsEmpty(ListItem.Thumb)</visible>
				</control>
				<control type="image">
					<top>7</top>
					<width>140</width>
					<height>140</height>
					<texture background="true">DefaultActor.png</texture>
					<aspectratio align="center" aligny="top">keep</aspectratio>
					<visible>String.IsEmpty(ListItem.Thumb)</visible>
				</control>
				<control type="image">
					<top>2</top>
					<left>2</left>
					<width>136</width>
					<height>171</height>
					<bordertexture border="4">background/black.png</bordertexture>
					<bordersize>2</bordersize>
					<aspectratio align="center" aligny="center">scale</aspectratio>
					<texture background="true">$INFO[ListItem.Thumb]</texture>
				</control>
				<control type="image">
					<left>10</left>
					<top>140</top>
					<width>120</width>
					<height>27</height>
					<texture border="8">views/genre-background.png</texture>
					<visible>!String.IsEmpty(ListItem.Label)</visible>
				</control>
				<control type="label">
					<left>15</left>
					<top>144</top>
					<width>110</width>
					<align>center</align>
					<font>SubMenuArrowFont</font>
					<textcolor>SelectedColor2</textcolor>
					<shadowcolor>ShadowColor</shadowcolor>
					<label>$INFO[ListItem.Label]</label>
					<visible>!String.IsEmpty(ListItem.Label)</visible>
				</control>
			</control>
		</focusedlayout>
	</include>
	<!-- END DialogVideoInfo.xml -->
	
	<!-- Skin Settings -->
	<variable name="StatusUISoundsVar">
		<value condition="System.HasAddon(resource.uisounds.rapier)">$INFO[System.AddonVersion(resource.uisounds.rapier)] $LOCALIZE[31437]</value>
		<value>$LOCALIZE[31438]</value>
	</variable>
	
	<variable name="StatusImageResourceSelectVar">
		<value condition="System.HasAddon(script.image.resource.select)">$INFO[System.AddonVersion(script.image.resource.select)] $LOCALIZE[31437]</value>
		<value>$LOCALIZE[31438]</value>
	</variable>
	
	<variable name="StatusSkinHelperServiceVar">
		<value condition="System.AddonIsEnabled(script.skin.helper.service)">$INFO[System.AddonVersion(script.skin.helper.service)] $LOCALIZE[31437]</value>
		<value condition="System.HasAddon(script.skin.helper.service) + !System.AddonIsEnabled(script.skin.helper.service)">$LOCALIZE[24023]</value>
		<value>$LOCALIZE[31438]</value>
	</variable>
	
	<variable name="StatusGlobalSearchVar">
		<value condition="System.HasAddon(script.globalsearch)">$INFO[System.AddonVersion(script.globalsearch)] $LOCALIZE[31437]</value>
		<value>$LOCALIZE[31438]</value>
	</variable>

	
	<variable name="StatusExtendedInfoVar">
		<value condition="System.HasAddon(script.extendedinfo)">$INFO[System.AddonVersion(script.extendedinfo)] $LOCALIZE[31437]</value>
		<value>$LOCALIZE[31438]</value>
	</variable>
	
	<variable name="StatusAutoCompletionVar">
		<value condition="System.HasAddon(plugin.program.autocompletion)">$INFO[System.AddonVersion(plugin.program.autocompletion)] $LOCALIZE[31437]</value>
		<value>$LOCALIZE[31438]</value>
	</variable>

	<variable name="StatusYoutubeVar">
		<value condition="System.AddonIsEnabled(plugin.video.youtube)">$INFO[System.AddonVersion(plugin.video.youtube)] $LOCALIZE[31437]</value>
		<value condition="System.HasAddon(plugin.video.youtube) + !System.AddonIsEnabled(plugin.video.youtube)">$LOCALIZE[24023]</value>
		<value>$LOCALIZE[31492]</value>
	</variable>	
	

	<variable name="StatusTheMovieDbHelperVar">
		<value condition="System.AddonIsEnabled(plugin.video.themoviedb.helper)">$INFO[System.AddonVersion(plugin.video.themoviedb.helper)] $LOCALIZE[31437]</value>
		<value condition="System.HasAddon(plugin.video.themoviedb.helper) + !System.AddonIsEnabled(plugin.video.themoviedb.helper)">$LOCALIZE[24023]</value>
		<value>$LOCALIZE[31492]</value>
	</variable>	
	
	<variable name="StatusMyPicsDBVar">
		<value condition="System.HasAddon(plugin.image.mypicsdb)">$INFO[System.AddonVersion(plugin.image.mypicsdb)] $LOCALIZE[31437]</value>
		<value>$LOCALIZE[31438]</value>
	</variable>
	
	<variable name="StatusIMDBUpdateVar">
		<value condition="System.HasAddon(script.imdbupdate)">$INFO[System.AddonVersion(script.imdbupdate)] $LOCALIZE[31437]</value>
		<value>$LOCALIZE[31438]</value>
	</variable>
	
	<variable name="StatusYoutubeBrowserVar">
		<value condition="System.HasAddon(script.youtube.browser)">$INFO[System.AddonVersion(script.youtube.browser)] $LOCALIZE[31437]</value>
		<value>$LOCALIZE[31438]</value>
	</variable>

	<variable name="StatusArtworkVar">
		<value condition="System.HasAddon(script.moviesetart)">$INFO[System.AddonVersion(script.moviesetart)] $LOCALIZE[31437]</value>
		<value>$LOCALIZE[31438]</value>
	</variable>

	<!-- END Skin Settings -->
	
	<!-- Fullscreen / OSD -->
	<variable name="VideoOSDCurrentControlLabel">
		<value condition="ControlGroup(400).HasFocus">$LOCALIZE[36501]</value>
		<value condition="ControlGroup(401).HasFocus">$LOCALIZE[24012]</value>
		<value condition="ControlGroup(402).HasFocus">$LOCALIZE[19033]</value>
		<value>$INFO[System.CurrentControl]</value>
	</variable>
	
	<variable name="SeekbarLabels">
		<value condition="Player.Caching">$INFO[Player.CacheLevel,,%]</value>
		<value condition="!String.IsEmpty(Player.SeekStepSize)">$INFO[Player.SeekStepSize]</value>
		<value condition="!String.IsEmpty(Player.SeekOffset) + Player.DisplayAfterSeek">[UPPERCASE]$INFO[Player.SeekOffset][/UPPERCASE]</value>
		<value condition="Player.Paused">[UPPERCASE]$LOCALIZE[112][/UPPERCASE]</value>
		<value condition="Player.Forwarding2x">+2X</value>
		<value condition="Player.Forwarding4x">+4X</value>
		<value condition="Player.Forwarding8x">+8X</value>
		<value condition="Player.Forwarding16x">+16X</value>
		<value condition="Player.Forwarding32x">+32X</value>
		<value condition="Player.Rewinding2x">-2X</value>
		<value condition="Player.Rewinding4x">-4X</value>
		<value condition="Player.Rewinding8x">-8X</value>
		<value condition="Player.Rewinding16x">-16X</value>
		<value condition="Player.Rewinding32x">-32X</value>
		<value condition="Player.IsTempo">[UPPERCASE]$INFO[Player.PlaySpeed,+,X][/UPPERCASE]</value>
	</variable>
	
	<variable name="PausedLabels">
		<value condition="!String.IsEmpty(Player.SeekNumeric)">$INFO[Player.SeekNumeric(hh:mm:ss)]</value>
		<value condition="Player.Caching">$INFO[Player.CacheLevel,$LOCALIZE[10213] ,%]</value>
		<value condition="Player.Paused">$INFO[System.Time]</value>
		<value>$LOCALIZE[31184]</value>
	</variable>
	
	<variable name="FSInfoLabel1">
		<value condition="VideoPlayer.Content(Movies)">$INFO[VideoPlayer.Genre]</value>
		<value condition="VideoPlayer.Content(Episodes) + Integer.IsLessOrEqual(VideoPlayer.Season,9) + Integer.IsLessOrEqual(VideoPlayer.Episode,9)">$INFO[VideoPlayer.TVShowTitle]$INFO[VideoPlayer.Season, (S0,]$INFO[VideoPlayer.Episode,E0,)]</value> 
		<value condition="VideoPlayer.Content(Episodes) + Integer.IsLessOrEqual(VideoPlayer.Season,9)">$INFO[VideoPlayer.TVShowTitle]$INFO[VideoPlayer.Season, (S0,]$INFO[VideoPlayer.Episode,E,)]</value> 
		<value condition="VideoPlayer.Content(Episodes) + Integer.IsLessOrEqual(VideoPlayer.Episode,9)">$INFO[VideoPlayer.TVShowTitle]$INFO[VideoPlayer.Season, (S,]$INFO[VideoPlayer.Episode,E0,)]</value> 
		<value condition="VideoPlayer.Content(Episodes)">$INFO[VideoPlayer.TVShowTitle]$INFO[VideoPlayer.Season, (S,]$INFO[VideoPlayer.Episode,E,)]</value>
		<value condition="VideoPlayer.Content(LiveTV)">$INFO[VideoPlayer.ChannelNumber]$INFO[VideoPlayer.ChannelName,.  ]</value>
	</variable>
	
	<variable name="FSInfoLabel2">
		<value condition="[VideoPlayer.Content(LiveTV)] + !String.IsEmpty(VideoPlayer.Director)">$LOCALIZE[20339]:</value>
		<value condition="VideoPlayer.Content(LiveTV)">$LOCALIZE[19127]:</value>
	</variable>
	
	<variable name="FSInfoLabel2Val">
		<value condition="[VideoPlayer.Content(LiveTV)] + !String.IsEmpty(VideoPlayer.Director)">$INFO[VideoPlayer.Director]</value>
		<value condition="VideoPlayer.Content(LiveTV)">$INFO[VideoPlayer.EndTime]</value>
	</variable>
	
	<variable name="FSInfoLabel3">
		<value condition="[VideoPlayer.Content(LiveTV)] + !String.IsEmpty(VideoPlayer.Writer)">$LOCALIZE[20417]:</value>
		<value condition="VideoPlayer.Content(LiveTV)">$LOCALIZE[19141]:</value>
	</variable>
	
	<variable name="FSInfoLabel3Val">
		<value condition="[VideoPlayer.Content(LiveTV)] + !String.IsEmpty(VideoPlayer.Writer)">$INFO[VideoPlayer.Writer]</value>
		<value condition="VideoPlayer.Content(LiveTV)">$INFO[VideoPlayer.ChannelGroup]</value>
	</variable>
	
	<variable name="PosterImageOSD">
		<value condition="VideoPlayer.Content(Movies) + !String.IsEmpty(Player.Art(poster))">$INFO[Player.Art(poster)]</value>
		<value condition="VideoPlayer.Content(Movies) + String.IsEmpty(Player.Art(poster))">$INFO[Player.Art(thumb)]</value>
		<value condition="VideoPlayer.Content(Episodes)">$INFO[Player.Art(tvshow.poster)]</value>
	</variable>
	
	<variable name="ClearImageOSD">
		<value condition="VideoPlayer.Content(Movies) + [!String.IsEmpty(Player.Art(clearart))]">$INFO[Player.Art(clearart)]</value>
		<value condition="VideoPlayer.Content(Movies) + [[Skin.HasSetting(ShowClearLogoOSD) + !String.IsEmpty(Player.Art(clearlogo))] | [String.IsEmpty(Player.Art(clearart)) + !String.IsEmpty(Player.Art(clearlogo))]]">$INFO[Player.Art(clearlogo)]</value>
		<value condition="VideoPlayer.Content(Episodes) + [!String.IsEmpty(Player.Art(tvshow.clearart))]">$INFO[Player.Art(tvshow.clearart)]</value>
		<value condition="VideoPlayer.Content(Episodes) + [[Skin.HasSetting(ShowClearLogoOSD) + !String.IsEmpty(Player.Art(tvshow.clearlogo))] | [String.IsEmpty(Player.Art(tvshow.clearart)) + !String.IsEmpty(Player.Art(tvshow.clearlogo))]]">$INFO[Player.Art(tvshow.clearlogo)]</value>
		<value condition="VideoPlayer.Content(Movies)">$INFO[Player.Art(fanart)]</value>
		<value>$INFO[VideoPlayer.Cover]</value>
	</variable>
	
	<variable name="ClearImageOSD2">
		<value condition="VideoPlayer.Content(Episodes) + !Skin.HasSetting(ShowClearLogoOSD) + !String.IsEmpty(Player.Art(tvshow.poster))">$INFO[Player.Art(tvshow.poster)]</value>
		<value condition="!Skin.HasSetting(ShowClearLogoOSD) + !String.IsEmpty(Player.Art(poster))">$INFO[Player.Art(poster)]</value>
	</variable>
	
	<variable name="VideoPlayerSeasonVal">
		<value condition="Integer.IsLessOrEqual(VideoPlayer.Season,9)">$INFO[VideoPlayer.Season,S0]</value>
		<value>$INFO[VideoPlayer.Season,S]</value>
	</variable>
	
	<variable name="VideoPlayerEpisodeVal">
		<value condition="Integer.IsLessOrEqual(VideoPlayer.Episode,9)">$INFO[VideoPlayer.Episode,E0]</value>
		<value>$INFO[VideoPlayer.Episode,E]</value>
	</variable>

	<include name="FSMediaInfoPanel">
		<control type="group" id="1">			
			<control type="image" id="1">
				<width>1224</width>
				<height>280</height>
				<texture border="8">panels/panel.png</texture>
			</control>
			
			<control type="image" id="1">
				<left>4</left>
				<top>4</top>
				<width>1216</width>
				<height>70</height>
				<texture border="5">panels/panel-content-border2.png</texture>
				<animation effect="fade" end="5" condition="true">Conditional</animation>
				<visible>![VideoPlayer.Content(Movies) | VideoPlayer.Content(Episodes)]</visible>
			</control>
			
			<control type="image" id="1">
				<left>193</left>
				<top>4</top>
				<width>1027</width>
				<height>70</height>
				<texture border="5">panels/panel-content-border2.png</texture>
				<animation effect="fade" end="5" condition="true">Conditional</animation>
				<visible>VideoPlayer.Content(Movies) | VideoPlayer.Content(Episodes)</visible>
			</control>
		</control>
	</include>
	
	<include name="FullScreenInfoDot">
		<control type="label" id="1">
			<height>20</height>
			<width>15</width>
			<align>center</align>
			<aligny>center</aligny>
			<font>PanelStatsFont</font>
			<textcolor>MediaInfoItemColor2</textcolor>
			<shadowcolor>ShadowColor</shadowcolor>
			<label>&#x2022;</label>
		</control>
	</include>
	
	<include name="FSSeekBar">
		<control type="image">
			<left>6</left>
			<width>474</width>
			<height>75</height>
			<texture border="8">panels/panel.png</texture>
			<aspectratio>stretch</aspectratio>
		</control>	
	</include>

	<!-- END Fullscreen / OSD -->
	
	<!-- Custom Windows -->
	<variable name="videohwdecoder">
		<value condition="Player.Process(videohwdecoder)">$LOCALIZE[31223]</value>
		<value>$LOCALIZE[31224]</value>
	</variable>
	<!-- END Custom Windows -->
	
	<!-- PARAMS -->	
	<include name="MenubarTopbar">
		<control type="group" id="505">
			<description>Menu Bar Area</description>
			<depth>DepthMenuBar</depth>
			<top>MenuBarOffsetY</top>
			<include>MenuBarImage</include>
			<include>MenuBarOpenCloseAnim2</include>
			<include>$PARAM[Menubar]</include>
		</control>
		
		<control type="group">
			<description>Top Bar Area</description>
			<depth>DepthTopBar</depth>
			<include>TopBarImage</include>
			<include>$PARAM[Breadcrumbs]</include>
			<include>Notifications</include>
		</control>
	</include>
	<!-- END PARAMS -->

	<variable name="DurationVar">
		<value condition="Integer.IsEqual(ListItem.Duration(h),0)">$INFO[ListItem.Duration(mins)]</value>
		<value>$INFO[ListItem.Duration(h)] H $INFO[ListItem.Duration(mm)]</value>
	</variable>

	<variable name="DurationVarWithMins">
		<value condition="Integer.IsEqual(ListItem.Duration(h),0)">$INFO[ListItem.Duration(mins)] Mins</value>
		<value>$INFO[ListItem.Duration(h)] H $INFO[ListItem.Duration(mm)]</value>
	</variable>

	<variable name="MyImdb">
	    <value condition="String.IsEmpty(ListItem.Rating)">$INFO[Window(Home).Property(SkinHelper.IMDB.Rating)]</value>
	    <value condition="!String.IsEmpty(ListItem.Rating)">$INFO[ListItem.Rating]</value>
	    <value>None</value>
	</variable>

	<constant name="BorderImage">10</constant>	

	<constant name="DelayZoom">2000</constant>
	<constant name="TimeZoom">1300</constant> 
	<constant name="TimeSlideInfo">1500</constant>
	<constant name="TimeBounceInfo">3000</constant>
	<constant name="DelayInfo">6000</constant>	

	<variable name="DVDThumbsViewYearLabelVar">
		<value condition="ListItem.IsCollection">$INFO[Window(home).Property(SkinHelper.MovieSet.Years)]</value>
		<value>$INFO[ListItem.Year]</value>
	</variable>

	<include name="CoverDim">
		<texture background="true">background/dim.png</texture> 
		<animation effect="fade" end="25" condition="true">Conditional</animation>
	</include>

	<variable name="SelectedColor">
		<value condition="[Container.Content(tvshows) | Container.Content(Seasons)] + !Skin.HasSetting(SkinAnimeType)">CaseSelectedTvShow</value>
		<value condition="[Container.Content(tvshows) | Container.Content(Seasons)] +  Skin.HasSetting(SkinAnimeType)">CaseSelectedAnime</value>
		<value>CaseSelectedColor</value>
	</variable>

	<include name="BusyListSpinner">
		<param name="visible">true</param>
		<definition>
			<control type="group" id="$PARAM[list_id]599">
				<left>$PARAM[posx]</left>
				<top>$PARAM[posy]</top>
				<visible>Container($PARAM[list_id]).IsUpdating + !Integer.IsGreater(Container($PARAM[list_id]).NumItems,0)</visible>
				<visible>$PARAM[visible]</visible>
				<control type="image">
					<top>-25</top>
					<left>-25</left>
					<width>50</width>
					<height>50</height>
					<aspectratio aligny="center">keep</aspectratio>
					<texture colordiffuse="black">gui/loading/loading-back.png</texture>
				</control>
				<control type="image">
					<top>-25</top>
					<left>-25</left>
					<width>50</width>
					<height>50</height>
					<aspectratio aligny="center">keep</aspectratio>
					<texture>gui/loading/loading.png</texture>
					<animation effect="rotate" center="auto" start="360" end="0" time="1500" loop="true" condition="true">Conditional</animation>
				</control>
			</control>
		</definition>
	</include>	


    <include name="MenuLettersHome">
      <definition>
		<onclick condition="String.IsEqual($PARAM[MyType],Movies)">Container.SetSortMethod(24)</onclick>
		<onclick condition="String.IsEqual($PARAM[MyType],TvShows) + !Skin.HasSetting(UseAnimes)">ActivateWindow(Videos,special://skin/extras/playlists/series/$PARAM[MyLetter].xsp,return)</onclick>     
		<onclick condition="String.IsEqual($PARAM[MyType],TvShows) + Skin.HasSetting(UseAnimes) + !Skin.HasSetting(SkinAnimeType)">ActivateWindow(Videos,special://skin/extras/playlists/animes/series/$PARAM[MyLetter].xsp,return)</onclick>
		<onclick condition="String.IsEqual($PARAM[MyType],TvShows) + Skin.HasSetting(UseAnimes) + Skin.HasSetting(SkinAnimeType)">ActivateWindow(Videos,special://skin/extras/playlists/animes/$PARAM[MyLetter].xsp,return)</onclick>
      </definition>
    </include>

    <include name="MenuLettersFocus">
      <texturefocus>covers/cover-case-noshadow-focus.png</texturefocus>
      <texturenofocus>covers/cover-case-noshadow-nofocus.png</texturenofocus>
    </include>








</includes>