<?xml version="1.0" encoding="UTF-8"?>
<includes>
	<include name="QuickJumpVerticalLayout">
		<left>$PARAM[left]</left>
		<top>$PARAM[top]</top>
		<height>$PARAM[height]</height>
		<width>14</width>
		<orientation>vertical</orientation>
		<onleft>500</onleft>
		<visible>Integer.IsGreater(Container.NumPages,1)</visible>
		<itemlayout height="$PARAM[itemheight]" width="14">
			<control type="label">
				<width>100%</width>
				<align>center</align>
				<label>$INFO[ListItem.Label]</label>
				<textcolor>MediaInfoItemColor2</textcolor>
				<shadowcolor>ShadowColor</shadowcolor>
				<font>ListFontSize12</font>
				<animation effect="fade" start="100" end="20" time="0" condition="!String.IsEmpty(ListItem.Property(NotAvailable))">Conditional</animation>
				<visible>!String.IsEqual(ListItem.Label,Container.ListItem.SortLetter)</visible>
			</control>
			<control type="label">
				<width>100%</width>
				<align>center</align>
				<label>$INFO[ListItem.Label]</label>
				<textcolor>MediaInfoItemColor</textcolor>
				<shadowcolor>ShadowColor</shadowcolor>
				<font>ListFontSize12</font>
				<visible>String.IsEqual(ListItem.Label,Container.ListItem.SortLetter)</visible>
			</control>
		</itemlayout>
		<focusedlayout height="$PARAM[itemheight]" width="14">
			<control type="label">
				<width>100%</width>
				<align>center</align>
				<label>$INFO[ListItem.Label]</label>
				<font>ListFontSize12</font>
				<textcolor>SelectedColor2</textcolor>
				<shadowcolor>ShadowColor</shadowcolor>
				<animation effect="zoom" end="120,120" center="auto" time="100">Focus</animation>
				<animation effect="fade" start="100" end="20" time="0" condition="!String.IsEmpty(ListItem.Property(NotAvailable))">Conditional</animation>
			</control>
		</focusedlayout>
		<content>plugin://script.skin.helper.service/?action=alphabet&amp;reload=$INFO[Container.NumItems]</content>
	</include>
	
	<include name="QuickJumpHorizontalLayout">
		<left>$PARAM[left]</left>
		<top>$PARAM[top]</top>
		<height>16</height>
		<width>$PARAM[width]</width>
		<orientation>horizontal</orientation>
		<onup>500</onup>
		<visible>Integer.IsGreater(Container.NumPages,1)</visible>
		<itemlayout height="14" width="$PARAM[itemwidth]">
			<control type="label">
				<width>100%</width>
				<align>center</align>
				<label>$INFO[ListItem.Label]</label>
				<textcolor>MediaInfoItemColor2</textcolor>
				<shadowcolor>ShadowColor</shadowcolor>
				<font>ListFontSize12</font>
				<animation effect="fade" start="100" end="20" time="0" condition="!String.IsEmpty(ListItem.Property(NotAvailable))">Conditional</animation>
				<visible>!String.IsEqual(ListItem.Label,Container.ListItem.SortLetter)</visible>
			</control>
			<control type="label">
				<width>100%</width>
				<align>center</align>
				<label>$INFO[ListItem.Label]</label>
				<textcolor>MediaInfoItemColor</textcolor>
				<shadowcolor>ShadowColor</shadowcolor>
				<font>ListFontSize12</font>
				<visible>String.IsEqual(ListItem.Label,Container.ListItem.SortLetter)</visible>
			</control>
		</itemlayout>
		<focusedlayout height="14" width="$PARAM[itemwidth]">
			<control type="label">
				<width>100%</width>
				<align>center</align>
				<label>$INFO[ListItem.Label]</label>
				<font>ListFontSize12</font>
				<textcolor>SelectedColor2</textcolor>
				<shadowcolor>ShadowColor</shadowcolor>
				<animation effect="zoom" end="120,120" center="auto" time="100">Focus</animation>
				<animation effect="fade" start="100" end="20" time="0" condition="!String.IsEmpty(ListItem.Property(NotAvailable))">Conditional</animation>
			</control>
		</focusedlayout>
		<content>plugin://script.skin.helper.service/?action=alphabet&amp;reload=$INFO[Container.NumItems]</content>
	</include>
	
	<include name="CommonScrollbar">
		<control type="group" id="150">
			<control type="scrollbar" id="901">
				<left>1262</left>
				<top>91</top>
				<height>543</height>
				<onleft>2</onleft>
			</control>
		</control>
	</include>
	
	<include name="IconViewScrollbar">
		<control type="group" id="150">
			<animation effect="fade" start="100" end="0" time="150" condition="!Skin.HasSetting(ShowIconViewScrollbar) + !ControlGroup(150).HasFocus">Conditional</animation>
			
			<control type="image">
				<left>1262</left>
				<top>91</top>
				<width>14</width>
				<height>543</height>
				<texture border="4">controls/scrollbar-background.png</texture>
			</control>
			
			<control type="panel" id="951">
				<visible>Control.IsVisible(50) + ![Container.Content(Episodes) + !String.IsEqual(Container.SortMethod,$LOCALIZE[551])]</visible>
				<include name="QuickJumpVerticalLayout">
					<param name="left" value="1262" />
					<param name="top" value="94" />
					<param name="height" value="540" />
					<param name="itemheight" value="20" />
				</include>
			</control>
		</control>
	</include>
	
	<include name="ListViewScrollbar">
		<control type="group" id="150">
			<control type="image">
				<left>767</left>
				<top>110</top>
				<width>14</width>
				<height>517</height>
				<texture border="4">controls/scrollbar-background.png</texture>
			</control>
			
			<control type="group">				
				<control type="panel" id="953">
					<visible>Control.IsVisible(52) + ![Container.Content(Seasons) | [Container.Content(Episodes) + !String.IsEqual(Container.SortMethod,$LOCALIZE[551])]]</visible>
					<onright condition="[Container.Content(Movies) | Container.Content(TVShows)] + !String.IsEmpty(ListItem.Trailer)">PlayMedia($ESCINFO[ListItem.Trailer],noresume)</onright>
					<onright condition="[Container.Content(Movies) | Container.Content(TVShows)] + String.IsEmpty(ListItem.Trailer) + System.HasAddon(script.extendedinfo)">RunScript(script.extendedinfo,info=youtubebrowser,id=$INFO[ListItem.Label] trailer)</onright>
					<onright condition="Container.Content(Episodes) + String.IsEmpty(ListItem.Trailer) + System.HasAddon(script.extendedinfo)">RunScript(script.extendedinfo,info=youtubebrowser,id=$INFO[ListItem.TVShowTitle] $INFO[ListItem.Label] trailer)</onright>
					<include name="QuickJumpVerticalLayout">
						<param name="left" value="767" />
						<param name="top" value="113" />
						<param name="height" value="514" />
						<param name="itemheight" value="19" />
					</include>
				</control>
			</control>
		</control>
	</include>
	
	<include name="WideListViewScrollbar">
		<control type="group" id="150">
			<control type="image">
				<left>1232</left>
				<top>91</top>
				<width>14</width>
				<height>536</height>
				<texture border="4">controls/scrollbar-background.png</texture>
			</control>
			
			<control type="group">
				<animation effect="fade" start="100" end="0" time="150" condition="Skin.HasSetting(HideWideListViewScrollbar) + !ControlGroup(150).HasFocus">Conditional</animation>
				
				<control type="panel" id="960">
					<visible>[Control.IsVisible(74) | Control.IsVisible(75) | Control.IsVisible(76) | Control.IsVisible(77) | Control.IsVisible(90)] + ![Container.Content(Episodes) + !String.IsEqual(Container.SortMethod,$LOCALIZE[551])]</visible>
					<onright condition="[Container.Content(Movies) | Container.Content(TVShows)] + !String.IsEmpty(ListItem.Trailer)">PlayMedia($ESCINFO[ListItem.Trailer],noresume)</onright>
					<onright condition="[Container.Content(Movies) | Container.Content(TVShows)] + String.IsEmpty(ListItem.Trailer) + System.HasAddon(script.extendedinfo)">RunScript(script.extendedinfo,info=youtubebrowser,id=$INFO[ListItem.Label] trailer)</onright>
					<onright condition="Container.Content(Episodes) + String.IsEmpty(ListItem.Trailer) + System.HasAddon(script.extendedinfo)">RunScript(script.extendedinfo,info=youtubebrowser,id=$INFO[ListItem.TVShowTitle] $INFO[ListItem.Label] trailer)</onright>
					<include name="QuickJumpVerticalLayout">
						<param name="left" value="1232" />
						<param name="top" value="90" />
						<param name="height" value="540" />
						<param name="itemheight" value="20" />
					</include>
				</control>
			</control>
		</control>
	</include>
	
	<include name="ThumbnailViewScrollbar">
		<control type="group" id="150">
			<animation effect="fade" start="100" end="0" time="150" condition="!Skin.HasSetting(ShowThumbnailViewScrollbar) + !ControlGroup(150).HasFocus">Conditional</animation>
			
			<control type="image">
				<left>1262</left>
				<top>107</top>
				<width>14</width>
				<height>508</height>
				<texture border="4">controls/scrollbar-background.png</texture>
			</control>
			
			<control type="panel" id="954">
				<visible>[Control.IsVisible(54) | Control.IsVisible(63)] + !Container.Content(Seasons)</visible>
				<include name="QuickJumpVerticalLayout">
					<param name="left" value="1262" />
					<param name="top" value="105" />
					<param name="height" value="513" />
					<param name="itemheight" value="19" />
				</include>
			</control>
		</control>
	</include>

	<include name="ColumnsViewScrollbar">
		<control type="group" id="150">	
			<control type="scrollbar" id="904">
				<left>1223</left>
				<top>35</top>
				<height>332</height>
				<onleft>500</onleft>
				<animation effect="fade" start="100" end="0" time="150" condition="!Skin.HasSetting(ShowColumnsViewScrollbar) + !ControlGroup(150).HasFocus">Conditional</animation>
			</control>
		</control>
	</include>
	
	<include name="ListInfoViewScrollbar">
		<control type="group" id="150">
			<control type="image">
				<left>1232</left>
				<top>332</top>
				<width>14</width>
				<height>295</height>
				<texture border="4">controls/scrollbar-background.png</texture>
			</control>
			
			<control type="group">				
				<control type="panel" id="955">
					<visible>[Control.IsVisible(58) | Control.IsVisible(61) | Control.IsVisible(62) | Control.IsVisible(73) | Control.IsVisible(91)] + ![Container.Content(Seasons) | [Container.Content(Episodes) + !String.IsEqual(Container.SortMethod,$LOCALIZE[551])]]</visible>
					<onright condition="[Container.Content(Movies) | Container.Content(TVShows)] + !String.IsEmpty(ListItem.Trailer)">PlayMedia($ESCINFO[ListItem.Trailer],noresume)</onright>
					<onright condition="[Container.Content(Movies) | Container.Content(TVShows)] + String.IsEmpty(ListItem.Trailer) + System.HasAddon(script.extendedinfo)">RunScript(script.extendedinfo,info=youtubebrowser,id=$INFO[ListItem.Label] trailer)</onright>
					<onright condition="Container.Content(Episodes) + String.IsEmpty(ListItem.Trailer) + System.HasAddon(script.extendedinfo)">RunScript(script.extendedinfo,info=youtubebrowser,id=$INFO[ListItem.TVShowTitle] $INFO[ListItem.Label] trailer)</onright>
					<include name="QuickJumpVerticalLayout">
						<param name="left" value="1232" />
						<param name="top" value="331" />
						<param name="height" value="300" />
						<param name="itemheight" value="20" />
					</include>
				</control>
			</control>
		</control>
	</include>
	
	<include name="ListInfo2ViewScrollbar">
		<control type="group" id="150">
			<control type="image">
				<left>1232</left>
				<top>110</top>
				<width>14</width>
				<height>517</height>
				<texture border="4">controls/scrollbar-background.png</texture>
			</control>
			
			<control type="group">
				<animation effect="fade" start="100" end="0" time="150" condition="Skin.HasSetting(HideListInfoView2Scrollbar) + !ControlGroup(150).HasFocus">Conditional</animation>
				
				<control type="panel" id="956">
					<visible>[Control.IsVisible(50) | Control.IsVisible(65) | Control.IsVisible(66) | Control.IsVisible(67) | Control.IsVisible(68) | Control.IsVisible(587) | Control.IsVisible(591)] + ![[Container.Content(Episodes)] + ![String.IsEqual(Container.SortMethod,$LOCALIZE[551]) | String.IsEqual(Container.SortMethod,$LOCALIZE[561])]]</visible>
					<onright condition="[Container.Content(Movies) | Container.Content(TVShows)] + !String.IsEmpty(ListItem.Trailer)">PlayMedia($ESCINFO[ListItem.Trailer],noresume)</onright>
					<onright condition="[Container.Content(Movies) | Container.Content(TVShows)] + String.IsEmpty(ListItem.Trailer) + System.HasAddon(script.extendedinfo)">RunScript(script.extendedinfo,info=youtubebrowser,id=$INFO[ListItem.Label] trailer)</onright>
					<onright condition="Container.Content(Episodes) + String.IsEmpty(ListItem.Trailer) + System.HasAddon(script.extendedinfo)">RunScript(script.extendedinfo,info=youtubebrowser,id=$INFO[ListItem.TVShowTitle] $INFO[ListItem.Label] trailer)</onright>
					<include name="QuickJumpVerticalLayout">
						<param name="left" value="1232" />
						<param name="top" value="113" />
						<param name="height" value="514" />
						<param name="itemheight" value="19" />
					</include>
				</control>
			</control>
		</control>
	</include>
	
	<include name="ListInfo3ViewScrollbar">	
		<control type="group" id="150">
			<control type="image">
				<left>817</left>
				<top>110</top>
				<width>12</width>
				<height>517</height>
				<texture border="4">controls/scrollbar-background.png</texture>
			</control>
			
			<control type="group">				
				<control type="panel" id="957">
					<visible>[Control.IsVisible(94) | Control.IsVisible(95) | Control.IsVisible(96) | Control.IsVisible(578) | Control.IsVisible(589)] + ![Container.Content(Episodes) + !String.IsEqual(Container.SortMethod,$LOCALIZE[551])]</visible>
					<onright condition="[Container.Content(Movies) | Container.Content(TVShows)] + !String.IsEmpty(ListItem.Trailer)">PlayMedia($ESCINFO[ListItem.Trailer],noresume)</onright>
					<onright condition="[Container.Content(Movies) | Container.Content(TVShows)] + String.IsEmpty(ListItem.Trailer) + System.HasAddon(script.extendedinfo)">RunScript(script.extendedinfo,info=youtubebrowser,id=$INFO[ListItem.Label] trailer)</onright>
					<onright condition="Container.Content(Episodes) + String.IsEmpty(ListItem.Trailer) + System.HasAddon(script.extendedinfo)">RunScript(script.extendedinfo,info=youtubebrowser,id=$INFO[ListItem.TVShowTitle] $INFO[ListItem.Label] trailer)</onright>
					<include name="QuickJumpVerticalLayout">
						<param name="left" value="817" />
						<param name="top" value="113" />
						<param name="height" value="514" />
						<param name="itemheight" value="19" />
					</include>
				</control>
			</control>
		</control>
	</include>
	
	<include name="ThumbsInfoViewScrollbar">
		<control type="group" id="150">
			<control type="image">
				<left>1232</left>
				<top>110</top>
				<width>14</width>
				<height>517</height>
				<texture border="4">controls/scrollbar-background.png</texture>
			</control>
			
			<control type="group">
				<animation effect="fade" start="100" end="0" time="150" condition="Skin.HasSetting(HideThumbsInfoViewScrollbar) + !ControlGroup(150).HasFocus">Conditional</animation>
				
				<control type="panel" id="968">
					<visible>Control.IsVisible(97) | Control.IsVisible(100) | Control.IsVisible(579) | Control.IsVisible(599)</visible>
					<include name="QuickJumpVerticalLayout">
						<param name="left" value="1232" />
						<param name="top" value="113" />
						<param name="height" value="514" />
						<param name="itemheight" value="19" />
					</include>
				</control>
			</control>
		</control>
	</include>
	
	<include name="WrapInfoViewScrollbar">
		<control type="group" id="150">
			<animation effect="fade" start="100" end="0" time="150" condition="!Skin.HasSetting(ShowWrapInfoViewScrollbar) + !ControlGroup(150).HasFocus">Conditional</animation>
			
			<control type="image">
				<left>485</left>
				<top>465</top>
				<width>765</width>
				<height>12</height>
				<texture border="4">controls/scrollbar-background.png</texture>
			</control>
			
			<control type="panel" id="958">
				<visible>Control.IsVisible(53) | Control.IsVisible(64) | Control.IsVisible(93)</visible>
				<ondown condition="[Container.Content(Movies) | Container.Content(TVShows)] + !String.IsEmpty(ListItem.Trailer)">PlayMedia($ESCINFO[ListItem.Trailer],noresume)</ondown>
				<ondown condition="[Container.Content(Movies) | Container.Content(TVShows)] + String.IsEmpty(ListItem.Trailer) + System.HasAddon(script.extendedinfo)">RunScript(script.extendedinfo,info=youtubebrowser,id=$INFO[ListItem.Label] trailer)</ondown>
				<ondown condition="Container.Content(Episodes) + String.IsEmpty(ListItem.Trailer) + System.HasAddon(script.extendedinfo)">RunScript(script.extendedinfo,info=youtubebrowser,id=$INFO[ListItem.TVShowTitle] $INFO[ListItem.Label] trailer)</ondown>
				<include name="QuickJumpHorizontalLayout">
					<param name="left" value="489" />
					<param name="top" value="462" />
					<param name="width" value="760" />
					<param name="itemwidth" value="28" />
				</include>
			</control>
		</control>
	</include>


	<include name="ProgramsListInfoViewScrollbar">
		<control type="group" id="150">
			<control type="image">
				<left>1232</left>
				<top>110</top>
				<width>14</width>
				<height>517</height>
				<texture border="4">controls/scrollbar-background.png</texture>
			</control>
			
			<control type="group">
				<animation effect="fade" start="100" end="0" time="150" condition="Skin.HasSetting(HideListInfoView2Scrollbar) + !ControlGroup(150).HasFocus">Conditional</animation>
				
				<control type="panel" id="970">
					<visible>Control.IsVisible(590)</visible>
					<onright>ActivateWindow(1122)</onright>
					<include name="QuickJumpVerticalLayout">
						<param name="left" value="1232" />
						<param name="top" value="113" />
						<param name="height" value="514" />
						<param name="itemheight" value="19" />
					</include>
				</control>
			</control>
		</control>
	</include>

	<include name="ProgramsListInfo2ViewScrollbar">
		<control type="group" id="150">
			<control type="image">
				<left>1232</left>
				<top>110</top>
				<width>14</width>
				<height>517</height>
				<texture border="4">controls/scrollbar-background.png</texture>
			</control>
			
			<control type="group">
				<animation effect="fade" start="100" end="0" time="150" condition="Skin.HasSetting(HideListInfoView2Scrollbar) + !ControlGroup(150).HasFocus">Conditional</animation>
				
				<control type="panel" id="971">
					<visible>Control.IsVisible(591)</visible>
					<onright>ActivateWindow(1122)</onright>
					<include name="QuickJumpVerticalLayout">
						<param name="left" value="1232" />
						<param name="top" value="113" />
						<param name="height" value="514" />
						<param name="itemheight" value="19" />
					</include>
				</control>
			</control>
		</control>
	</include>

	<include name="ProgramsListInfo3ViewScrollbar">
		<control type="group" id="150">
			<control type="image">
				<left>1232</left>
				<top>110</top>
				<width>14</width>
				<height>517</height>
				<texture border="4">controls/scrollbar-background.png</texture>
			</control>
			
			<control type="group">
				<animation effect="fade" start="100" end="0" time="150" condition="Skin.HasSetting(HideListInfoView2Scrollbar) + !ControlGroup(150).HasFocus">Conditional</animation>
				
				<control type="panel" id="972">
					<visible>Control.IsVisible(592)</visible>
					<onright>ActivateWindow(1122)</onright>
					<include name="QuickJumpVerticalLayout">
						<param name="left" value="1232" />
						<param name="top" value="113" />
						<param name="height" value="514" />
						<param name="itemheight" value="19" />
					</include>
				</control>
			</control>
		</control>
	</include>

	<include name="ProgramsThumbsInfoViewScrollbar">
		<control type="group" id="150">
			<control type="image">
				<left>1232</left>
				<top>110</top>
				<width>14</width>
				<height>517</height>
				<texture border="4">controls/scrollbar-background.png</texture>
			</control>
			
			<control type="group">
				<animation effect="fade" start="100" end="0" time="150" condition="Skin.HasSetting(HideThumbsInfoViewScrollbar) + !ControlGroup(150).HasFocus">Conditional</animation>
				
				<control type="panel" id="973">
					<visible>Control.IsVisible(593)</visible>
					<include name="QuickJumpVerticalLayout">
						<param name="left" value="1232" />
						<param name="top" value="113" />
						<param name="height" value="514" />
						<param name="itemheight" value="19" />
					</include>
				</control>
			</control>
		</control>
	</include>

	<include name="ProgramsThumbsInfo2ViewScrollbar">
		<control type="group" id="150">
			<control type="image">
				<left>1232</left>
				<top>110</top>
				<width>14</width>
				<height>517</height>
				<texture border="4">controls/scrollbar-background.png</texture>
			</control>
			
			<control type="group">
				<animation effect="fade" start="100" end="0" time="150" condition="Skin.HasSetting(HideThumbsInfoViewScrollbar) + !ControlGroup(150).HasFocus">Conditional</animation>
				
				<control type="panel" id="974">
					<visible>Control.IsVisible(594)</visible>
					<include name="QuickJumpVerticalLayout">
						<param name="left" value="1232" />
						<param name="top" value="113" />
						<param name="height" value="514" />
						<param name="itemheight" value="19" />
					</include>
				</control>
			</control>
		</control>
	</include>

	<include name="ProgramsThumbsInfo3ViewScrollbar">
		<control type="group" id="150">
			<control type="image">
				<left>1232</left>
				<top>110</top>
				<width>14</width>
				<height>517</height>
				<texture border="4">controls/scrollbar-background.png</texture>
			</control>
			
			<control type="group">
				<animation effect="fade" start="100" end="0" time="150" condition="Skin.HasSetting(HideThumbsInfoViewScrollbar) + !ControlGroup(150).HasFocus">Conditional</animation>
				
				<control type="panel" id="975">
					<visible>Control.IsVisible(595)</visible>
					<include name="QuickJumpVerticalLayout">
						<param name="left" value="1232" />
						<param name="top" value="113" />
						<param name="height" value="514" />
						<param name="itemheight" value="19" />
					</include>
				</control>
			</control>
		</control>
	</include>

	<include name="ProgramsWrapInfoViewScrollbar">
		<control type="group" id="150">
			<animation effect="fade" start="100" end="0" time="150" condition="!Skin.HasSetting(ShowWrapInfoViewScrollbar) + !ControlGroup(150).HasFocus">Conditional</animation>
			
			<control type="image">
				<left>485</left>
				<top>465</top>
				<width>765</width>
				<height>12</height>
				<texture border="4">controls/scrollbar-background.png</texture>
			</control>
			
			<control type="panel" id="976">
				<visible>Control.IsVisible(596)</visible>
				<ondown>ActivateWindow(1122)</ondown>
				<include name="QuickJumpHorizontalLayout">
					<param name="left" value="489" />
					<param name="top" value="462" />
					<param name="width" value="760" />
					<param name="itemwidth" value="28" />
				</include>
			</control>
		</control>
	</include>

	<include name="ProgramsWrapInfo2ViewScrollbar">
		<control type="group" id="150">
			<animation effect="fade" start="100" end="0" time="150" condition="!Skin.HasSetting(ShowWrapInfoViewScrollbar) + !ControlGroup(150).HasFocus">Conditional</animation>
			
			<control type="image">
				<left>485</left>
				<top>465</top>
				<width>765</width>
				<height>12</height>
				<texture border="4">controls/scrollbar-background.png</texture>
			</control>
			
			<control type="panel" id="977">
				<visible>Control.IsVisible(597)</visible>
				<ondown>ActivateWindow(1122)</ondown>
				<include name="QuickJumpHorizontalLayout">
					<param name="left" value="489" />
					<param name="top" value="462" />
					<param name="width" value="760" />
					<param name="itemwidth" value="28" />
				</include>
			</control>
		</control>
	</include>

	<include name="ProgramsWrapInfo3ViewScrollbar">
		<control type="group" id="150">
			<animation effect="fade" start="100" end="0" time="150" condition="!Skin.HasSetting(ShowWrapInfoViewScrollbar) + !ControlGroup(150).HasFocus">Conditional</animation>
			
			<control type="image">
				<left>485</left>
				<top>465</top>
				<width>765</width>
				<height>12</height>
				<texture border="4">controls/scrollbar-background.png</texture>
			</control>
			
			<control type="panel" id="978">
				<visible>Control.IsVisible(598)</visible>
				<ondown>ActivateWindow(1122)</ondown>
				<include name="QuickJumpHorizontalLayout">
					<param name="left" value="489" />
					<param name="top" value="462" />
					<param name="width" value="760" />
					<param name="itemwidth" value="28" />
				</include>
			</control>
		</control>
	</include>
	
	<include name="SettingsScrollbar">
		<control type="group" id="150">
			<control type="scrollbar" id="911">
				<left>1262</left>
				<top>110</top>
				<height>500</height>
				<onleft condition="Window.IsVisible(SkinSettings)">851</onleft>
				<onleft condition="!Window.IsVisible(SkinSettings)">5</onleft>
				<visible>!Skin.HasSetting(ExpandedSettings) + ![Window.IsVisible(SkinSettings) + [Skin.String(SkinSettingsCategory,1) | Skin.String(SkinSettingsCategory,2) | Skin.String(SkinSettingsCategory,3) | Skin.String(SkinSettingsCategory,4) |Skin.String(SkinSettingsCategory,5) | Skin.String(SkinSettingsCategory,9)]]</visible>
			</control>
			
			<control type="scrollbar" id="991">
				<left>1262</left>
				<top>110</top>
				<height>500</height>
				<onleft>900</onleft>
				<visible>!Skin.HasSetting(ExpandedSettings) + Window.IsVisible(SkinSettings) + Skin.String(SkinSettingsCategory,1)</visible>
			</control>
			
			<control type="scrollbar" id="992">
				<left>1262</left>
				<top>110</top>
				<height>500</height>
				<onleft>901</onleft>
				<visible>!Skin.HasSetting(ExpandedSettings) + Window.IsVisible(SkinSettings) + Skin.String(SkinSettingsCategory,2)</visible>
			</control>
			
			<control type="scrollbar" id="993">
				<left>1262</left>
				<top>110</top>
				<height>500</height>
				<onleft>902</onleft>
				<visible>!Skin.HasSetting(ExpandedSettings) + Window.IsVisible(SkinSettings) + Skin.String(SkinSettingsCategory,3)</visible>
			</control>
			
			<control type="scrollbar" id="994">
				<left>1262</left>
				<top>110</top>
				<height>500</height>
				<onleft>903</onleft>
				<visible>!Skin.HasSetting(ExpandedSettings) + Window.IsVisible(SkinSettings) + Skin.String(SkinSettingsCategory,4)</visible>
			</control>
			
			<control type="scrollbar" id="995">
				<left>1262</left>
				<top>110</top>
				<height>500</height>
				<onleft>904</onleft>
				<visible>!Skin.HasSetting(ExpandedSettings) + Window.IsVisible(SkinSettings) + Skin.String(SkinSettingsCategory,5)</visible>
			</control>
			
			<control type="scrollbar" id="996">
				<left>1262</left>
				<top>110</top>
				<height>500</height>
				<onleft>908</onleft>
				<visible>!Skin.HasSetting(ExpandedSettings) + Window.IsVisible(SkinSettings) + Skin.String(SkinSettingsCategory,9)</visible>
			</control>
		</control>
	</include>
	
	<include name="FileManagerScrollbar">
		<control type="scrollbar" id="150">
			<left>34</left>
			<top>110</top>
			<height>517</height>
			<texturesliderbackground>-</texturesliderbackground>
			<onright>20</onright>
		</control>
		
		<control type="image">
			<left>34</left>
			<top>110</top>
			<width>14</width>
			<height>517</height>
			<texture border="4">controls/scrollbar-background.png</texture>
		</control>
		
		<control type="image">
			<left>1232</left>
			<top>110</top>
			<width>14</width>
			<height>517</height>
			<texture border="4">controls/scrollbar-background.png</texture>
		</control>
			
		<control type="scrollbar" id="151">
			<left>1232</left>
			<top>110</top>
			<height>517</height>
			<texturesliderbackground>-</texturesliderbackground>
			<onleft>21</onleft>
		</control>	
	</include>
	
	<include name="PlaylistEditorScrollbar">
		<control type="group" id="150">
			<control type="image">
				<left>34</left>
				<top>110</top>
				<width>14</width>
				<height>517</height>
				<texture border="4">controls/scrollbar-background.png</texture>
			</control>
			
			<control type="panel" id="965">
				<visible>Control.IsVisible(50)</visible>
				<onright>50</onright>
				<include name="QuickJumpVerticalLayout">
					<param name="left" value="34" />
					<param name="top" value="113" />
					<param name="height" value="514" />
					<param name="itemheight" value="19" />
				</include>
			</control>
		</control>			
		
		<control type="image">
			<left>1232</left>
			<top>110</top>
			<width>14</width>
			<height>517</height>
			<texture border="4">controls/scrollbar-background.png</texture>
		</control>
			
		<control type="scrollbar" id="151">
			<left>1232</left>
			<top>110</top>
			<height>517</height>
			<texturesliderbackground>-</texturesliderbackground>
			<onleft>100</onleft>
		</control>	
	</include>
	
	
	<include name="FileBrowserScrollbar">
		<control type="group" id="150">
			<visible>Control.IsVisible(450) | Control.IsVisible(451)</visible>
			<animation effect="fade" end="100" time="300" delay="500">Visible</animation>
			
			<control type="image">
				<left>586</left>
				<top>20</top>
				<width>14</width>
				<height>325</height>
				<texture border="4">controls/scrollbar-background.png</texture>
			</control>
			
			<control type="scrollbar" id="914">
				<left>586</left>
				<top>20</top>
				<height>325</height>
				<texturesliderbackground>-</texturesliderbackground>
				<onleft condition="Control.IsVisible(450)">450</onleft>
				<onleft condition="Control.IsVisible(451)">451</onleft>
				<onright>9001</onright>
			</control>
		</control>
	</include>
	
	<include name="FavouritesScrollbar">
		<control type="group" id="150">
			<animation effect="fade" end="100" time="200" delay="500">Visible</animation>
			
			<control type="image">
				<left>359</left>
				<top>0</top>
				<width>14</width>
				<height>325</height>
				<texture border="4">controls/scrollbar-background.png</texture>
			</control>
			
			<control type="scrollbar" id="912">
				<left>359</left>
				<top>0</top>
				<height>325</height>
				<texturesliderbackground>-</texturesliderbackground>
				<onleft>450</onleft>
				<onright>9001</onright>
				<visible>Control.IsVisible(450)</visible>	
			</control>
		</control>
	</include>
	
	<include name="VideoOSDBookmarksScrollBar">
		<control type="group" id="150">
			<animation effect="fade" end="100" time="200" delay="500">Visible</animation>
			
			<control type="image">
				<left>638</left>
				<top>48</top>
				<width>14</width>
				<height>415</height>
				<texture border="4">controls/scrollbar-background.png</texture>
			</control>
			
			<control type="scrollbar" id="913">
				<left>638</left>
				<top>48</top>
				<height>415</height>
				<texturesliderbackground>-</texturesliderbackground>
				<onleft>11</onleft>
				<onright>9001</onright>	
			</control>
		</control>
	</include>
	
	<include name="TextViewerScrollbar">
		<control type="group" id="150">
			<animation effect="fade" end="100" time="200" delay="500">Visible</animation>
			
			<control type="image">
				<left>757</left>
				<top>47</top>
				<width>14</width>
				<height>434</height>
				<texture border="4">controls/scrollbar-background.png</texture>
			</control>
				
			<control type="scrollbar" id="61">
				<left>757</left>
				<top>47</top>
				<height>434</height>
				<texturesliderbackground>-</texturesliderbackground>
				<ondown>9000</ondown>
				<onleft>9000</onleft>
			</control>	
		</control>
	</include>
</includes>