<?xml version="1.0" encoding="UTF-8"?>
<includes>

	<!--//// Lists ///////////////////////////////////////////////////////////////////////////////////-->

	<include name="AnimationCoverFocus">
		<animation type="Focus">
			<effect type="zoom" start="100" end="125" time="750" tween="sine" easing="inout" center="auto" />
		</animation>
	</include>
	<include name="AnimationCoverUnFocus">
		<animation type="Unfocus">
			<effect type="zoom" start="125" end="100" time="1000" tween="sine" easing="inout" center="auto" />
		</animation>
	</include>


	<include name="AnimationListFocusTextureFade">
		<animation effect="fade" start="0" end="100" time="200" tween="sine">Focus</animation>
		<animation effect="fade" start="100" end="0" time="0">UnFocus</animation>
	</include>

	<include name="AnimationFocusedLayout">
		<definition>
			<animation type="Focus" condition="Container($PARAM[list_id]).OnNext" reversible="false">
				<effect type="Fade" start="40" end="100" time="400" tween="back" easing="in"/>
				<effect type="slide" start="0,-24" time="150" tween="quadratic" easing="out"/>
			</animation>
			<animation type="Focus" condition="Container($PARAM[list_id]).OnPrevious" reversible="false">
				<effect type="Fade" start="40" end="100" time="400" tween="back" easing="in"/>
				<effect type="slide" start="0,24" time="150" tween="quadratic" easing="out"/>
			</animation>
		</definition>
	</include>

	<!--//// Lists ///////////////////////////////////////////////////////////////////////////////////-->
	
	<include name="BackgroundVisibleAnim">
		<animation effect="fade" start="0" end="50" time="400">VisibleChange</animation>
	</include>
	
	<include name="DialogOpenCloseAnim">
		<animation type="WindowOpen">
			<effect type="fade" end="100" time="225"/>
			<effect type="slide" start="0,-15" time="300" tween="cubic" easing="out"/>
		</animation>	
		<animation type="WindowClose">
			<effect type="fade" end="0" time="325" />
			<effect type="slide" end="0,-15" time="400" tween="cubic" easing="out"/>
		</animation>
		
		<animation type="Visible">
			<effect type="fade" end="100" time="225"/>
			<effect type="slide" start="0,-15" time="300" tween="cubic" easing="out"/>
		</animation>	
		<animation type="Hidden">
			<effect type="fade" end="0" time="325" />
			<effect type="slide" end="0,-15" time="400" tween="cubic" easing="out"/>
		</animation>
	</include>
	
	<include name="BottomPaneOpenCloseAnim">
		<animation type="WindowOpen" reversible="false" condition="Integer.IsGreater(Container.NumItems,12)">
			<effect type="fade" time="300"/>
			<effect type="slide" start="0,80" time="2500" tween="cubic" easing="out"/>	
		</animation>
		
		<animation type="WindowClose" reversible="false" condition="Integer.IsGreater(Container.NumItems,12)">
			<effect type="fade" time="300"/>
			<effect type="slide" end="0,25" time="2500" tween="cubic" easing="out"/>	
		</animation>
		
		<animation type="Visible" reversible="false" condition="Integer.IsGreater(Container.NumItems,12)">
			<effect type="fade" time="300"/>
			<effect type="slide" start="0,25" time="750" tween="cubic" easing="out"/>	
		</animation>
		
		<animation type="Hidden" reversible="false" condition="Integer.IsGreater(Container.NumItems,12)">
			<effect type="fade" time="300"/>
			<effect type="slide" end="0,25" time="500" tween="cubic" easing="out"/>	
		</animation>

		<animation type="WindowOpen" reversible="true" condition="Integer.IsLessOrEqual(Container.NumItems,12)">
			<effect type="fade" time="300"/>
			<effect type="slide" start="0,70" time="2500" tween="cubic" easing="out"/>	
		</animation>
		
		<animation type="WindowClose" reversible="true" condition="Integer.IsLessOrEqual(Container.NumItems,12)">
			<effect type="fade" time="300"/>
			<effect type="slide" end="0,55" time="2500" tween="cubic" easing="out"/>	
		</animation>
		
		<animation type="Visible" reversible="true" condition="Integer.IsLessOrEqual(Container.NumItems,12)">
			<effect type="fade" time="300"/>
			<effect type="slide" start="0,55" time="750" tween="cubic" easing="out"/>	
		</animation>
		
		<animation type="Hidden" reversible="true" condition="Integer.IsLessOrEqual(Container.NumItems,12)">
			<effect type="fade" time="300"/>
			<effect type="slide" end="0,55" time="500" tween="cubic" easing="out"/>	
		</animation>
	</include>
	
	<include name="DialogSliderOpenCloseAnim">
		<animation type="WindowOpen" reversible="false">
			<effect type="fade" time="300"/>
			<effect type="slide" start="0,-25" time="500" tween="cubic" easing="out"/>	
		</animation>
		
		<animation type="WindowClose" reversible="false">
			<effect type="fade" time="300"/>
			<effect type="slide" end="0,-25" time="400" tween="cubic" easing="out"/>	
		</animation>
		
		<animation type="Visible" reversible="false">
			<effect type="fade" time="300"/>
			<effect type="slide" start="0,-25" time="500" tween="cubic" easing="out"/>	
		</animation>
		
		<animation type="Hidden" reversible="false">
			<effect type="fade" time="300"/>
			<effect type="slide" end="0,-25" time="400" tween="cubic" easing="out"/>	
		</animation>
	</include>
	
	<include name="NotifyPanelOpenCloseAnim">		
		<animation type="Visible">
			<effect type="fade" start="0" end="100" time="400" delay="600"/>
			<effect type="slide" start="0,-45" time="600" delay="600" tween="cubic" easing="out"/>	
		</animation>
		
		<animation type="Hidden">
			<effect type="fade" start="100" end="0" time="400"/>
			<effect type="slide" end="0,-45" time="600" tween="cubic" easing="out"/>	
		</animation>
		
		<animation type="WindowOpen">
			<effect type="fade" start="0" end="100" time="400" delay="600"/>
			<effect type="slide" start="0,-45" time="600" delay="600" tween="cubic" easing="out"/>	
		</animation>
		
		<animation type="WindowClose">
			<effect type="fade" start="100" end="0" time="400"/>
			<effect type="slide" end="0,-45" time="600" tween="cubic" easing="out"/>	
		</animation>
	</include>
	
	<include name="ControlsOpenCloseAnim">
		<animation effect="fade" start="0" end="100" time="400">Visible</animation>
		<animation effect="fade" start="0" end="100" time="400">WindowOpen</animation>
		<animation effect="fade" start="100" end="0" time="400">WindowClose</animation>
	</include>
	
	<include name="NotificationsOpenCloseAnim">
		<animation effect="fade" start="0" end="100" time="300">VisibleChange</animation>
		<animation effect="fade" start="0" end="100" time="300">WindowOpen</animation>
		<animation effect="fade" start="100" end="0" time="300">WindowClose</animation>
	</include>
	
	<include name="BreadCrumbSlideLevelAnim">
		<definition>		
			<animation type="WindowOpen" reversible="false">
				<effect type="fade" end="100" time="350" delay="300"/>
				<effect type="slide" start="-50,0" time="500" delay="200" tween="circle" easing="out"/>
			</animation>
		</definition>
	</include>

	<include name="BreadCrumbSlideLevelAnimFade">
		<definition>		
			<animation type="WindowOpen" reversible="false">
				<effect type="fade" end="100" time="350" delay="300"/>
				<effect type="slide" start="-50,0" time="500" delay="$PARAM[delay]" tween="circle" easing="out"/>
			</animation>
		</definition>
		<animation effect="fade" start="0" end="100" delay="100" time="300">Visible</animation>
	</include>
	
	<include name="TopBarOpenCloseAnim">
		<animation effect="slide" start="0,-45" time="400" tween="cubic" easing="out">WindowOpen</animation>
		<animation effect="slide" end="0,-45" time="400" tween="cubic" easing="out">WindowClose</animation>
		<animation effect="slide" start="0,-45" time="400" tween="cubic" easing="out">Visible</animation>
		<animation effect="slide" end="0,-45" time="400" tween="cubic" easing="out">Hidden</animation>
	</include>	
	
	<include name="MenuBarOpenCloseAnim">		
		<animation type="Visible">
			<effect type="fade" start="0" end="100" time="250"/>
			<effect type="slide" start="0,-15" time="400" tween="cubic" easing="out"/>	
		</animation>
		
		<animation type="Hidden">
			<effect type="fade" start="100" end="0" time="150"/>
			<effect type="slide" end="0,-15" time="300" tween="cubic" easing="out"/>	
		</animation>
		
		<animation type="WindowOpen">
			<effect type="fade" start="0" end="100" time="250" delay="350"/>
			<effect type="slide" start="0,-15" time="400" delay="350" tween="cubic" easing="out"/>	
		</animation>
		
		<animation type="WindowClose">
			<effect type="fade" start="100" end="0" time="50"/>
			<effect type="slide" end="0,-15" time="100" tween="cubic" easing="out"/>	
		</animation>
		
		<animation type="Conditional" condition="Skin.HasSetting(HideMenuBar)">
			<effect type="slide" end="0,-15" tween="cubic" easing="out"/>
		</animation>
		
		<animation type="Conditional" condition="Skin.HasSetting(HideMenuBar) + ControlGroup(850).HasFocus">
			<effect type="slide" end="0,15" time="250" tween="cubic" easing="out"/>
		</animation>
	</include>
	
	<include name="MenuBarOpenCloseAnim2">		
		<animation type="Visible">
			<effect type="fade" start="0" end="100" time="250"/>
			<effect type="slide" start="0,-15" time="400" tween="cubic" easing="out"/>	
		</animation>
		
		<animation type="Hidden">
			<effect type="fade" start="100" end="0" time="150"/>
			<effect type="slide" end="0,-15" time="300" tween="cubic" easing="out"/>	
		</animation>
		
		<animation type="WindowOpen">
			<effect type="fade" start="0" end="100" time="250" delay="350"/>
			<effect type="slide" start="0,-15" time="400" delay="350" tween="cubic" easing="out"/>	
		</animation>
		
		<animation type="WindowClose">
			<effect type="fade" start="100" end="0" time="50"/>
			<effect type="slide" end="0,-15" time="100" tween="cubic" easing="out"/>	
		</animation>
	</include>

	<include name="MenuBarBtnOpenCloseAnim">
		<animation effect="fade" start="0" end="100" time="1000">WindowOpen</animation>
		<animation effect="fade" start="100" end="0" time="350">Hidden</animation>
	</include>
		
	<include name="MenuBarOptionsSwitchAnim">
		<animation type="Visible">
			<effect type="fade" start="0" end="100" time="150"/>
			<effect type="slide" start="-24,0" time="200"/>	
		</animation>
		
		<animation type="Hidden">
			<effect type="fade" start="100" end="0" time="150"/>
			<effect type="slide" end="-24,0" time="200"/>	
		</animation>
	</include>
	
	<include name="MenuBarBtnFocusAnim">
		<animation effect="zoom" end="115" center="auto" time="100">Focus</animation>
		<animation effect="zoom" start="115" end="100" center="auto" time="100">Unfocus</animation>
	</include>
	
	<include name="ContentSettingsOpenCloseAnim">
		<animation type="Visible" reversible="false" condition="!ControlGroup(855).HasFocus">
			<effect type="fade" end="100" time="250"/>
			<effect type="slide" start="-150,0" time="300" tween="Quadratic" easing="out"/>
		</animation>
		
		<animation type="Hidden" reversible="false" condition="!ControlGroup(855).HasFocus">
			<effect type="fade" end="0" time="100"/>
			<effect type="slide" end="-150,0" time="300" tween="Quadratic" easing="out"/>
		</animation>
	</include>
	
	<include name="InfoPaneLabelFadeAnim">
		<animation effect="fade" end="65" condition="true">Conditional</animation>
	</include>
	
	<include name="DialogHeadLabelFade">
		<animation effect="fade" end="60" condition="true">Conditional</animation>
	</include>
	
	<!--//// HOME /////////////////////////////////////////////////////////////////////////////////////-->

	<include name="HomeMenuOpenCloseAnim">
		<animation effect="fade" end="100" time="650">WindowOpen</animation> 
		<animation effect="fade" end="0" time="650">WindowClose</animation>	
	</include>
	
	<include name="HomeMenuFocusAnim">
		<animation effect="fade" start="30" end="100" time="650">Focus</animation>
		<animation effect="fade" start="100" end="30" time="650">Unfocus</animation>
	</include>
	
	<include name="HomeMenuCategoryWithNavBtnFocusAnim"> 
		<animation effect="zoom" start="80" end="100" center="auto" time="150">Visible</animation>
		<animation effect="zoom" start="100" end="120" center="auto" condition="true">Conditional</animation>
		
		<animation type="Conditional" condition="!Control.HasFocus(850) + !Control.HasFocus(101) + !Control.HasFocus(102)">
			<effect type="fade" start="100" end="30" time="650"/>
			<effect type="zoom" start="100" end="90" center="auto" time="150"/>
		</animation>
	</include>

	<include name="HomeMenuIconAnim">
		<animation type="Visible">
			<effect type="slide" start="0,50" end="0,0" easing="out" tween="quadratic" time="150" />
			<effect type="fade" start="0" end="100" time="600" />
		</animation>
		<animation type="Hidden">
			<effect type="zoom" start="100" end="70" center="auto" easing="in" tween="quadratic" time="150" />
			<effect type="fade" start="100" end="0" time="600" />
		</animation>
		<animation type="WindowOpen">
			<effect type="slide" start="0,50" end="0,0" delay="200" easing="out" tween="quadratic" time="150" />
			<effect type="fade" start="0" end="100" delay="200" time="600" />
		</animation>
		<animation type="WindowClose">
			<effect type="zoom" start="100" end="70" center="auto" easing="in" tween="quadratic" time="150" />
			<effect type="fade" start="100" end="0" time="600" />
		</animation>
	</include>
	
	<include name="HomeSubMenuItemOpenCloseAnim">
		<animation type="Visible" reversible="false" condition="Container(850).OnNext">
			<effect type="fade" end="100" time="250" delay="100"/>
			<effect type="slide" start="100,0" time="300" tween="circle" easing="out" delay="100"/>
		</animation>

		<animation type="Visible" reversible="false" condition="Container(850).OnPrevious">
			<effect type="fade" end="100" time="250" delay="100"/>
			<effect type="slide" start="-100,0" time="300" tween="circle" easing="out" delay="100"/>
		</animation>
	
		<animation effect="fade" end="0" time="200" reversible="false">Hidden</animation>
	</include>
	
	<include name="HomeSubMenuItemsCenterAlignAnim">
		<animation effect="slide" end="90,0" condition="String.IsEqual(Container(110).NumItems,6)">Conditional</animation>
		<animation effect="slide" end="180,0" condition="String.IsEqual(Container(110).NumItems,5)">Conditional</animation>
		<animation effect="slide" end="270,0" condition="String.IsEqual(Container(110).NumItems,4)">Conditional</animation>
		<animation effect="slide" end="360,0" condition="String.IsEqual(Container(110).NumItems,3)">Conditional</animation>
		<animation effect="slide" end="450,0" condition="String.IsEqual(Container(110).NumItems,2)">Conditional</animation>
		<animation effect="slide" end="540,0" condition="String.IsEqual(Container(110).NumItems,1)">Conditional</animation>
	</include>

	
	<include name="HomeMenuPaneOpenCloseAnim">
		<animation type="WindowOpen" reversible="false">
			<effect type="fade" time="450"/>
			<effect type="slide" start="0,80" time="600" tween="cubic" easing="out"/>	
		</animation>
		
		<animation type="WindowClose" reversible="false">
			<effect type="fade" time="300"/>
			<effect type="slide" end="0,126" time="500" tween="cubic" easing="out"/>	
		</animation>
	</include>
	
	<include name="HomeRightPanelOpenCloseAnim">
		<animation type="WindowOpen" reversible="false">
			<effect type="fade" end="100" time="250"/>
			<effect type="slide" start="100,0" time="300" tween="circle" easing="out"/>
		</animation>
		
		<animation type="WindowClose" reversible="false">
			<effect type="fade" end="0" time="250"/>
			<effect type="slide" end="100,0" time="300" tween="circle" easing="out"/>
		</animation>
		
		<animation type="Visible" reversible="false">
			<effect type="fade" end="100" time="250"/>
			<effect type="slide" start="100,0" time="300" tween="circle" easing="out"/>
		</animation>
		
		<animation type="Hidden" reversible="false">
			<effect type="fade" end="0" time="250"/>
			<effect type="slide" end="100,0" time="300" tween="circle" easing="out"/>
		</animation>
	</include>
	
	<include name="HomeLeftPanelOpenCloseAnim">
		<animation type="WindowOpen" reversible="false">
			<effect type="fade" end="100" time="250"/>
			<effect type="slide" start="-100,0" time="300" tween="circle" easing="out"/>
		</animation>
		
		<animation type="WindowClose" reversible="false">
			<effect type="fade" end="0" time="250"/>
			<effect type="slide" end="-100,0" time="300" tween="circle" easing="out"/>
		</animation>
		
		<animation type="Visible" reversible="false">
			<effect type="fade" end="100" time="250"/>
			<effect type="slide" start="-100,0" time="300" tween="circle" easing="out"/>
		</animation>
		
		<animation type="Hidden" reversible="false">
			<effect type="fade" end="0" time="250"/>
			<effect type="slide" end="-100,0" time="300" tween="circle" easing="out"/>
		</animation>
	</include>
	
	<include name="RecentlyAddedFanartOpenCloseAnim">
		<animation effect="fade" start="0" end="100" time="600">VisibleChange</animation>
	</include>
	
	<!--//// MEDIA ////////////////////////////////////////////////////////////////////////////////////-->	

	<include name="MenuOpenCloseAnim">
		<animation type="WindowOpen">
			<effect type="fade" end="100" time="200"/>
			<effect type="slide" start="0,-10" time="300" tween="cubic" easing="out"/>
		</animation>	
		<animation type="WindowClose">
			<effect type="fade" end="0" time="150"/>
			<effect type="slide" end="0,-10" time="250" tween="cubic" easing="out"/>
		</animation>
	</include>
	
	<include name="MediaInfoListScrollAnim">
		<animation effect="slide" start="0,-29" time="200" tween="quadratic" easing="out" reversible="false" condition="Container(901).OnNext">Focus</animation>
		<animation effect="slide" start="0,29" time="200" tween="quadratic" easing="out" reversible="false" condition="Container(901).OnPrevious">Focus</animation>
	</include>
	
	<include name="MediaInfoListScrollAnim2">
		<animation effect="slide" start="0,-31" time="200" tween="quadratic" easing="out" reversible="false" condition="Container(901).OnNext">Focus</animation>
		<animation effect="slide" start="0,31" time="200" tween="quadratic" easing="out" reversible="false" condition="Container(901).OnPrevious">Focus</animation>
	</include>
	
	<include name="FSMediaInfoOpenCloseAnim">	
		<animation effect="fade" start="0" end="100" time="300">VisibleChange</animation>
		<animation effect="fade" start="0" end="100" time="300">WindowOpen</animation>
		<animation effect="fade" start="100" end="0" time="300">WindowClose</animation>
	</include>
	
	<include name="FSTopPanelOpenCloseAnim">
		<animation type="VisibleChange" reversible="false">
			<effect type="fade" time="300"/>
			<effect type="slide" start="0,-100" time="400" tween="circle" easing="out"/>	
		</animation>
	</include>

	<include name="InfoPaneElementOpenCloseAnim">
		<animation effect="fade" time="800">WindowOpen</animation>
		<animation effect="fade" time="300">WindowClose</animation>
		<animation effect="fade" time="800">Visible</animation>
		<animation effect="fade" time="300">Hidden</animation>
	</include>

	<include name="MediaViewOpenCloseAnim">
		<animation effect="fade" start="0" end="100" time="400">VisibleChange</animation>
		<animation effect="fade" start="0" end="100" time="400">WindowOpen</animation>
		<animation effect="fade" start="100" end="0" time="400">WindowClose</animation>
	</include>
	
	<include name="MediaInfoOpenCloseAnim">
		<animation effect="fade" start="0" end="100" time="400">VisibleChange</animation>
	</include>
	
	<include name="MediaFlagFadeAnim">
		<animation effect="fade" end="55" condition="true">Conditional</animation>
	</include>

	<include name="CdArtImageOpenCloseAnim">
		<animation type="WindowOpen">
			<effect type="slide" end="85" tween="cubic" easing="out" delay="500" time="1500"/>
			<effect type="rotate" center="auto" end="162" time="2250"/>
		</animation>
		<animation type="WindowClose" reversible="false" condition="Player.Playing">
			<effect type="slide" start="85" end="0" tween="cubic" easing="out" time="900"/>
			<effect type="rotate" center="auto" start="0" end="20" time="300"/>
			<effect type="rotate" center="auto" start="0" end="25" time="300" delay="300"/>
			<effect type="rotate" center="auto" start="0" end="30" time="300" delay="600"/>
		</animation>
	</include>
	
	<include name="CdArtImageOpenCloseAnim2">
		<animation type="WindowOpen">
			<effect type="slide" end="65" tween="cubic" easing="out" delay="500" time="1500"/>
			<effect type="rotate" center="auto" end="162" time="2250"/>
		</animation>
		<animation type="WindowClose" reversible="false" condition="Player.Playing">
			<effect type="slide" start="65" end="0" tween="cubic" easing="out" time="900"/>
			<effect type="rotate" center="auto" start="0" end="20" time="300"/>
			<effect type="rotate" center="auto" start="0" end="25" time="300" delay="300"/>
			<effect type="rotate" center="auto" start="0" end="30" time="300" delay="600"/>
		</animation>
	</include>
	
	<include name="CdArtLabelOpenCloseAnim">
		<animation effect="fade" start="0" end="100" time="400" delay="1600">WindowOpen</animation>
		<animation effect="fade" start="100" end="0" time="100" delay="400" condition="Player.Playing">WindowClose</animation>
	</include>
	
	<include name="CdArtLabelOpenCloseAnim2">
		<animation effect="fade" start="0" end="100" time="400" delay="2000">WindowOpen</animation>
		<animation effect="fade" start="100" end="0" time="100" delay="300" condition="Player.Playing">WindowClose</animation>
	</include>
	
	<include name="CdArtLabelOpenCloseAnim3">
		<animation effect="fade" start="0" end="100" time="400" delay="2400">WindowOpen</animation>
		<animation effect="fade" start="100" end="0" time="100" delay="200" condition="Player.Playing">WindowClose</animation>
	</include>
	
	<include name="CdArtLabelOpenCloseAnim4">
		<animation effect="fade" start="0" end="100" time="400" delay="2800">WindowOpen</animation>
		<animation effect="fade" start="100" end="0" time="100" delay="100" condition="Player.Playing">WindowClose</animation>
	</include>
	
	<include name="CdArtLabelOpenCloseAnim5">
		<animation effect="fade" start="0" end="100" time="400" delay="3200">WindowOpen</animation>
		<animation effect="fade" start="100" end="0" time="100" delay="0" condition="Player.Playing">WindowClose</animation>
	</include>
	
	<include name="LiveTVColumnFadeAnim">
		<animation effect="fade" end="60" condition="true">Conditional</animation>
	</include>

	<include name="PanelFadeAnim">
		<animation effect="fade" end="70" condition="true">Conditional</animation>
	</include>
	
	<!-- Views -->
	<include name="WideListHeaderFadeAnim">
		<animation effect="fade" end="60" condition="true">Conditional</animation>
	</include>
	
	<include name="ListViewSelectFadeAnim">
		<animation effect="fade" end="60" condition="true">Conditional</animation>
	</include>
	
	<include name="ListViewSelectFadeAnim2">
		<animation effect="fade" end="20" condition="true">Conditional</animation>
	</include>
	
	<include name="ListViewOverlayFadeAnim">
		<animation effect="fade" end="75" condition="true">Conditional</animation>
	</include>

	<include name="ListViewScrollAnim">
		<animation type="Focus" condition="Container.OnNext" reversible="false">
			<effect type="Fade" start="40" end="100" time="500" tween="back" easing="in"/>
			<effect type="slide" start="0,-37" time="200" tween="sine" easing="out"/>
		</animation>
		
		<animation type="Focus" condition="Container.OnPrevious" reversible="false">
			<effect type="Fade" start="40" end="100" time="500" tween="back" easing="in"/>
			<effect type="slide" start="0,37" time="200" tween="sine" easing="out"/>
		</animation>
	</include>
	
	<include name="ListViewDialogScrollAnim">
		<animation type="Focus" condition="Container(450).OnNext" reversible="false">
			<effect type="Fade" start="40" end="100" time="500" tween="back" easing="in"/>
			<effect type="slide" start="0,-35" time="200" tween="sine" easing="out"/>
		</animation>
		
		<animation type="Focus" condition="Container(450).OnPrevious" reversible="false">
			<effect type="Fade" start="40" end="100" time="500" tween="back" easing="in"/>
			<effect type="slide" start="0,35" time="200" tween="sine" easing="out"/>
		</animation>
	</include>
	
	<include name="ListViewFileManagerScrollAnim">
		<animation type="Focus" condition="Container(20).OnNext" reversible="false">
			<effect type="Fade" start="40" end="100" time="500" tween="back" easing="in"/>
			<effect type="slide" start="0,-37" time="200" tween="sine" easing="out"/>
		</animation>
		<animation type="Focus" condition="Container(20).OnPrevious" reversible="false">
			<effect type="Fade" start="40" end="100" time="500" tween="back" easing="in"/>
			<effect type="slide" start="0,37" time="200" tween="sine" easing="out"/>
		</animation>
	</include>
	
	<include name="ListViewFileManagerScrollAnim2">
		<animation type="Focus" condition="Container(21).OnNext" reversible="false">
			<effect type="Fade" start="40" end="100" time="500" tween="back" easing="in"/>
			<effect type="slide" start="0,-37" time="200" tween="sine" easing="out"/>
		</animation>
		<animation type="Focus" condition="Container(21).OnPrevious" reversible="false">
			<effect type="Fade" start="40" end="100" time="500" tween="back" easing="in"/>
			<effect type="slide" start="0,37" time="200" tween="sine" easing="out"/>
		</animation>
	</include>
	
	<include name="ListViewPlaylistEditorScrollAnim">
		<animation type="Focus" condition="Container(50).OnNext" reversible="false">
			<effect type="Fade" start="40" end="100" time="500" tween="back" easing="in"/>
			<effect type="slide" start="0,-37" time="200" tween="sine" easing="out"/>
		</animation>
		<animation type="Focus" condition="Container(50).OnPrevious" reversible="false">
			<effect type="Fade" start="40" end="100" time="500" tween="back" easing="in"/>
			<effect type="slide" start="0,37" time="200" tween="sine" easing="out"/>
		</animation>
	</include>
	
	<include name="ListViewPlaylistEditorScrollAnim2">
		<animation type="Focus" condition="Container(100).OnNext" reversible="false">
			<effect type="Fade" start="40" end="100" time="500" tween="back" easing="in"/>
			<effect type="slide" start="0,-37" time="200" tween="sine" easing="out"/>
		</animation>
		<animation type="Focus" condition="Container(100).OnPrevious" reversible="false">
			<effect type="Fade" start="40" end="100" time="500" tween="back" easing="in"/>
			<effect type="slide" start="0,37" time="200" tween="sine" easing="out"/>
		</animation>
	</include>

	<include name="ListViewScrollAnim2">
		<animation type="Focus" condition="Container.OnNext" reversible="false">
			<effect type="Fade" start="40" end="100" time="550" tween="back" easing="in"/>
			<effect type="slide" start="0,-74" time="250" tween="sine" easing="out"/>
		</animation>
		
		<animation type="Focus" condition="Container.OnPrevious" reversible="false">
			<effect type="Fade" start="40" end="100" time="550" tween="back" easing="in"/>
			<effect type="slide" start="0,74" time="250" tween="sine" easing="out"/>
		</animation>
	</include>

	<include name="ListViewFocusAnim">
		<!-- <animation effect="fade" start="30" end="100" time="200" tween="back" easing="in" reversible="false">Focus</animation> -->
	</include>
	
	<include name="ListViewCoverFocusAnim">
		<animation type="Focus" reversible="false">
			<effect type="fade" start="0" end="100" delay="100" time="100"/>
			<effect type="zoom" start="60" end="100" time="300" delay="100" center="auto" easing="out" tween="back"/>
		</animation>
	</include>
	
	<include name="ThumbnailViewCoverFocusAnim">
		<animation effect="zoom" end="112" center="auto" time="100">Focus</animation>
		<animation effect="zoom" start="112" end="100" center="auto" time="100">UnFocus</animation>
	</include>
	
	<include name="ThumbnailViewCoverFocusAnim2">
		<animation effect="zoom" end="116" center="auto" time="100">Focus</animation>
		<animation effect="zoom" start="116" end="100" center="auto" time="100">UnFocus</animation>
	</include>
	
	<include name="ThumbnailViewCoverFocusAnim3">
		<animation effect="zoom" end="108" center="auto" time="100">Focus</animation>
		<animation effect="zoom" start="108" end="100" center="auto" time="100">UnFocus</animation>
	</include>
	
	<include name="WideListViewFocusAnim">
		<animation effect="fade" start="25" end="100" time="400" delay="100" reversible="false">Focus</animation>
	</include>
	
	<include name="WideListViewCoverFocusAnim">
		<animation type="Focus" reversible="false">
			<effect type="fade" start="0" end="100" delay="100" time="100"/>
			<effect type="zoom" start="80" end="100" time="300" delay="100" center="auto" easing="out" tween="back"/>
		</animation>
	</include>
	
	<include name="ListInfoViewContentBackgroundFadeAnim">
		<animation effect="fade" end="9" condition="true">Conditional</animation>
	</include>
	
	<include name="ListInfoViewMediaInfoBackgroundFadeAnim">
		<animation effect="fade" end="60" condition="true">Conditional</animation>
	</include>
	<!-- END Views -->

    <include name="WindowOpenFadeInOut">
        <animation type="WindowOpen" reversible="false">
            <effect type="fade" start="0" end="100" time="600" tween="sine" easing="in" />
            <effect type="zoom" start="50" end="100" time="600" center="auto" tween="quadratic" easing="out" />
        </animation>
        <animation type="WindowClose" reversible="false">
            <effect type="fade" end="0" start="100" time="400" tween="sine" easing="out" />
            <effect type="zoom" end="75" start="100" time="400" center="auto" tween="quadratic" easing="in" />
        </animation>
        <animation type="Visible" reversible="false">
            <effect type="fade" start="0" end="100" time="600" delay="600" tween="sine" easing="in" />
            <effect type="zoom" start="115" end="100" time="600" delay="600" center="auto" tween="sine" easing="out" />
        </animation>
    </include>

    <include name="Animation_Top">
        <animation effect="slide" tween="quadratic" easing="out" time="950" start="-800" end="0">WindowOpen</animation>
        <animation effect="slide" tween="quadratic" easing="in" time="950" end="-800" start="0">WindowClose</animation>
        <animation effect="slide" tween="quadratic" easing="out" time="950" start="-800" end="0">Visible</animation>
        <animation effect="slide" tween="quadratic" easing="in" time="950" end="-800" start="0">Hidden</animation>
    </include>
    <include name="Animation_Bottom">
        <animation effect="slide" tween="quadratic" easing="out" time="950" start="0,450" end="0">WindowOpen</animation>
        <animation effect="slide" tween="quadratic" easing="in" time="950" end="0,450" start="0">WindowClose</animation>
        <animation effect="slide" tween="quadratic" easing="out" time="950" start="0,450" end="0">Visible</animation>
        <animation effect="slide" tween="quadratic" easing="in" time="950" end="0,450" start="0">Hidden</animation>
    </include>
    <include name="Animation_Left">
        <animation effect="slide" tween="quadratic" easing="out" time="950" start="-1860" end="0" delay="200">WindowOpen</animation>
        <animation effect="slide" tween="quadratic" easing="in" time="950" end="-1860" start="0">WindowClose</animation>
        <animation effect="slide" tween="quadratic" easing="out" time="950" start="-1860" end="0" delay="200">Visible</animation>
        <animation effect="slide" tween="quadratic" easing="in" time="950" end="-1860" start="0">Hidden</animation>
    </include>
    <include name="Animation_Right">
        <animation effect="slide" tween="quadratic" easing="out" time="950" start="1860" end="0" delay="200">WindowOpen</animation>
        <animation effect="slide" tween="quadratic" easing="in" time="950" end="1860" start="0">WindowClose</animation>
        <animation effect="slide" tween="quadratic" easing="out" time="950" start="1860" end="0" delay="200">Visible</animation>
        <animation effect="slide" tween="quadratic" easing="in" time="950" end="1860" start="0">Hidden</animation>
    </include>
    <include name="Animation_Common">
        <animation effect="slide" tween="quadratic" easing="out" time="950" start="1920" end="0">WindowOpen</animation>
        <animation effect="slide" tween="quadratic" easing="in" time="950" end="1920" start="0">WindowClose</animation>
        <animation effect="slide" tween="quadratic" easing="out" time="950" start="-1920" end="0" delay="300">Visible</animation>
        <animation effect="slide" tween="quadratic" easing="in" time="950" end="-1920" start="0">Hidden</animation>
        <animation effect="fade" start="100" end="0" time="950" condition="Window.IsVisible(script-script.extendedinfo-VideoList.xml)">Conditional</animation>
    </include>
    <include name="Animation_TvShow">
        <animation effect="slide" tween="quadratic" easing="out" time="950" start="1860" end="0" delay="200">WindowOpen</animation>
        <animation effect="slide" tween="quadratic" easing="in" time="950" end="1860" start="450">WindowClose</animation>
        <animation effect="slide" tween="quadratic" easing="out" time="950" start="1860" end="0" delay="200">Visible</animation>
        <animation effect="slide" tween="quadratic" easing="in" time="950" end="1860" start="450">Hidden</animation>
    </include>
    <include name="Animation_Episodes">
        <animation effect="slide" tween="quadratic" easing="out" time="950" start="0,450" end="0">WindowOpen</animation>
        <animation effect="slide" tween="quadratic" easing="out" time="950" start="0,450" end="0">Visible</animation>
    </include>

</includes>