<?xml version="1.0" encoding="UTF-8"?>
<includes>
	<variable name="MediaFlagTheme">
		<value condition="Skin.HasSetting(UseAltMediaFlagTheme)">white</value>
		<value>default</value>
	</variable>
	
	<include name="VideoSourceMediaFlags">
		<control type="image" id="600">
			<description>Blu-ray</description>
			<width>49</width>
			<height>35</height>
			<aspectratio>stretch</aspectratio>
			<texture>flagging/video/bluray.png</texture>
			<!--<fadetime>MediaFlagsCrossfadeTime</fadetime>-->
			<visible>String.Contains(ListItem.FilenameAndPath,bluray) | String.Contains(ListItem.FilenameAndPath,blu-ray) | String.Contains(ListItem.FilenameAndPath,bdrip) | String.Contains(ListItem.FilenameAndPath,brrip) | String.Contains(ListItem.FilenameAndPath,bd25) | String.Contains(ListItem.FilenameAndPath,bd50)</visible>
		</control>
		<control type="image" id="694">
			<description>Web-DL</description>
			<width>49</width>
			<height>35</height>
			<aspectratio>stretch</aspectratio>
			<texture>flagging/video/web-dl.png</texture>
			<!--<fadetime>MediaFlagsCrossfadeTime</fadetime>-->
			<visible>[String.Contains(ListItem.FilenameAndPath,web-dl) | String.Contains(ListItem.FilenameAndPath,web-download) | String.Contains(ListItem.FilenameAndPath,webrip)] + ![String.Contains(ListItem.VideoCodec,vp8) | String.Contains(ListItem.VideoCodec,vp9)]</visible>
		</control>
		<control type="image" id="601">
			<description>3D</description>
			<width>65</width>
			<height>35</height>
			<aspectratio>stretch</aspectratio>
			<texture>flagging/video/3d.png</texture>
			<!--<fadetime>MediaFlagsCrossfadeTime</fadetime>-->
			<visible>ListItem.IsStereoscopic | String.Contains(ListItem.FilenameAndPath,.3d.) | String.Contains(ListItem.FilenameAndPath,hsbs) | String.Contains(ListItem.FilenameAndPath,sbs) | String.Contains(ListItem.FilenameAndPath,half-sbs)</visible>
		</control>
		<control type="image" id="602">
			<description>HDDVD</description>
			<width>82</width>
			<height>35</height>
			<aspectratio>stretch</aspectratio>
			<texture>flagging/video/hddvd.png</texture>
			<!--<fadetime>MediaFlagsCrossfadeTime</fadetime>-->
			<visible>String.Contains(ListItem.FilenameAndPath,hddvd) | String.Contains(ListItem.FilenameAndPath,hd-dvd)</visible>
		</control>
		<control type="image" id="718">
			<description>DVD</description>
			<width>55</width>
			<height>35</height>
			<aspectratio>stretch</aspectratio>
			<texture>flagging/video/dvd.png</texture>
			<!--<fadetime>MediaFlagsCrossfadeTime</fadetime>-->
			<visible>[String.Contains(ListItem.FileExtension,img) | String.Contains(ListItem.FilenameAndPath,dvd) | String.Contains(ListItem.FileExtension,ifo) | String.Contains(ListItem.FileExtension,vob) | String.Contains(ListItem.FilenameAndPath,dvdrip) | String.Contains(ListItem.FilenameAndPath,dvdr5) | String.Contains(ListItem.FilenameAndPath,.r5) | String.Contains(ListItem.FilenameAndPath,dvdscreener) | String.Contains(ListItem.FilenameAndPath,dvdscr) | String.Contains(ListItem.FilenameAndPath,screener)] + ![String.Contains(ListItem.FilenameAndPath,hddvd) | String.Contains(ListItem.FilenameAndPath,hd-dvd)]</visible>
		</control>
		<control type="image" id="603">
			<description>HDTV</description>
			<width>74</width>
			<height>35</height>
			<aspectratio>stretch</aspectratio>
			<texture>flagging/video/hdtv.png</texture>
			<!--<fadetime>MediaFlagsCrossfadeTime</fadetime>-->
			<visible>String.Contains(ListItem.FilenameAndPath,hdtv) | String.Contains(ListItem.FilenameAndPath,hdrip)</visible>
		</control>
		<control type="image" id="604">
			<description>SDTV</description>
			<width>74</width>
			<height>35</height>
			<aspectratio>stretch</aspectratio>
			<texture>flagging/video/sdtv.png</texture>
			<!--<fadetime>MediaFlagsCrossfadeTime</fadetime>-->
			<visible>String.Contains(ListItem.FilenameAndPath,PDTV) | String.Contains(ListItem.FilenameAndPath,sdtv)</visible>
		</control>
		<control type="image" id="741">
			<description>Movie Set</description>
			<width>70</width>
			<height>35</height>
			<aspectratio>stretch</aspectratio>
			<texture>flagging/video/set.png</texture>
			<!--<fadetime>MediaFlagsCrossfadeTime</fadetime>-->
			<visible>ListItem.IsCollection + !Control.IsVisible(69)</visible>
		</control>
		<control type="image" id="608">
			<description>Telesync</description>
			<width>41</width>
			<height>35</height>
			<aspectratio>stretch</aspectratio>
			<texture>flagging/video/film.png</texture>
			<!--<fadetime>MediaFlagsCrossfadeTime</fadetime>-->
			<visible>String.Contains(ListItem.FilenameAndPath,.telesync) | String.Contains(ListItem.FilenameAndPath,.ts.)</visible>
		</control>
		<control type="image" id="609">
			<description>Cam</description>
			<width>41</width>
			<height>35</height>
			<aspectratio>stretch</aspectratio>
			<texture>flagging/video/film.png</texture>
			<!--<fadetime>MediaFlagsCrossfadeTime</fadetime>-->
			<visible>String.Contains(ListItem.FilenameAndPath,.cam)</visible>
		</control>
		<control type="image" id="678">
			<description>VHS</description>
			<width>64</width>
			<height>35</height>
			<aspectratio>stretch</aspectratio>
			<texture>flagging/video/vhs.png</texture>
			<!--<fadetime>MediaFlagsCrossfadeTime</fadetime>-->
			<visible>String.Contains(ListItem.FilenameAndPath,vhs)</visible>
		</control>
		<control type="image" id="608">
			<description>ISO</description>
			<width>41</width>
			<height>35</height>
			<aspectratio>stretch</aspectratio>
			<texture>flagging/video/iso.png</texture>
			<!--<fadetime>MediaFlagsCrossfadeTime</fadetime>-->
			<visible>String.Contains(ListItem.FilenameAndPath,.iso)</visible>
		</control>		
	</include>

	<include name="VideoCodecMediaFlags">

		<control type="image" id="610">
			<description>Xvid Codec</description>
			<width>57</width>
			<height>35</height>
			<aspectratio>stretch</aspectratio>
			<texture>flagging/video/xvid.png</texture>
			<!--<fadetime>MediaFlagsCrossfadeTime</fadetime>-->
			<visible>String.Contains(ListItem.VideoCodec,xvid)</visible>
		</control>
		<control type="image" id="611">
			<description>Divx Codec</description>
			<width>67</width>
			<height>35</height>
			<aspectratio>stretch</aspectratio>
			<texture>flagging/video/divx.png</texture>
			<!--<fadetime>MediaFlagsCrossfadeTime</fadetime>-->
			<visible>String.Contains(ListItem.VideoCodec,divx) | String.Contains(ListItem.VideoCodec,div2) | String.Contains(ListItem.VideoCodec,div3) | String.Contains(ListItem.VideoCodec,div4) | String.Contains(ListItem.VideoCodec,divx 4) | String.Contains(ListItem.VideoCodec,div5) | String.Contains(ListItem.VideoCodec,dx50)</visible>
		</control>
		<control type="image" id="612">
			<description>H264 Codec</description>
			<width>61</width>
			<height>35</height>
			<aspectratio>stretch</aspectratio>
			<texture>flagging/video/h264.png</texture>
			<!--<fadetime>MediaFlagsCrossfadeTime</fadetime>-->
			<visible>String.Contains(ListItem.VideoCodec,h264) | String.Contains(ListItem.VideoCodec,x264) | String.Contains(ListItem.VideoCodec,hdmv)</visible>
		</control>
		<control type="image" id="698">
			<description>H265 Codec</description>
			<width>61</width>
			<height>35</height>
			<aspectratio>stretch</aspectratio>
			<texture>flagging/video/hevc.png</texture>
			<!--<fadetime>MediaFlagsCrossfadeTime</fadetime>-->
			<visible>String.Contains(ListItem.VideoCodec,hevc)</visible>
		</control>
		<control type="image" id="613">
			<description>AVC1 Codec</description>
			<width>61</width>
			<height>35</height>
			<aspectratio>stretch</aspectratio>
			<texture>flagging/video/avc1.png</texture>
			<!--<fadetime>MediaFlagsCrossfadeTime</fadetime>-->
			<visible>String.Contains(ListItem.VideoCodec,avc1)</visible>
		</control>
		<control type="image" id="614">
			<description>WVC1 Codec</description>
			<width>80</width>
			<height>35</height>
			<aspectratio>stretch</aspectratio>
			<texture>flagging/video/wvc1.png</texture>
			<!--<fadetime>MediaFlagsCrossfadeTime</fadetime>-->
			<visible>String.Contains(ListItem.VideoCodec,wvc1)</visible>
		</control>
		<control type="image" id="720">
			<description>VC-1 Codec</description>
			<width>80</width>
			<height>35</height>
			<aspectratio>stretch</aspectratio>
			<texture>flagging/video/vc-1.png</texture>
			<!--<fadetime>MediaFlagsCrossfadeTime</fadetime>-->
			<visible>String.Contains(ListItem.VideoCodec,vc-1) | String.Contains(ListItem.VideoCodec,vc1)</visible>
		</control>
		<control type="image" id="680">
			<description>WMV Codec</description>
			<width>80</width>
			<height>35</height>
			<aspectratio>stretch</aspectratio>
			<texture>flagging/video/wmv.png</texture>
			<!--<fadetime>MediaFlagsCrossfadeTime</fadetime>-->
			<visible>String.Contains(ListItem.VideoCodec,wmv) | String.Contains(ListItem.VideoCodec,wmv2) | String.Contains(ListItem.VideoCodec,wmv3)</visible>
		</control>
		<control type="image" id="615">
			<description>MPEG-1 Codec</description>
			<width>57</width>
			<height>35</height>
			<aspectratio>stretch</aspectratio>
			<texture>flagging/video/mpeg1video.png</texture>
			<!--<fadetime>MediaFlagsCrossfadeTime</fadetime>-->
			<visible>String.Contains(ListItem.VideoCodec,mpeg1video)</visible>
		</control>
		<control type="image" id="616">
			<description>MPEG-2 Codec</description>
			<width>57</width>
			<height>35</height>
			<aspectratio>stretch</aspectratio>
			<texture>flagging/video/mpeg2video.png</texture>
			<!--<fadetime>MediaFlagsCrossfadeTime</fadetime>-->
			<visible>String.Contains(ListItem.VideoCodec,mpeg2video) | String.Contains(ListItem.VideoCodec,mpeg video) | String.Contains(ListItem.VideoCodec,mpeg2)</visible>
		</control>
		<control type="image" id="617">
			<description>MPEG-4 Codec</description>
			<width>57</width>
			<height>35</height>
			<aspectratio>stretch</aspectratio>
			<texture>flagging/video/mpeg4video.png</texture>
			<!--<fadetime>MediaFlagsCrossfadeTime</fadetime>-->
			<visible>String.Contains(ListItem.VideoCodec,mpeg-4 visual) | String.Contains(ListItem.VideoCodec,mpg4) | String.Contains(ListItem.VideoCodec,mp4v)</visible>
		</control>
		<control type="image" id="618">
			<description>Sorenson Video Codec</description>
			<width>36</width>
			<height>35</height>
			<aspectratio>stretch</aspectratio>
			<texture>flagging/video/svq3.png</texture>
			<!--<fadetime>MediaFlagsCrossfadeTime</fadetime>-->
			<visible>String.Contains(ListItem.VideoCodec,svq1) | String.Contains(ListItem.VideoCodec,svq3)</visible>
		</control>		
		<control type="image" id="695">
			<description>VP8 and VP9 Video Codec</description>
			<width>36</width>
			<height>35</height>
			<aspectratio>stretch</aspectratio>
			<texture>flagging/video/vp8.png</texture>
			<!--<fadetime>MediaFlagsCrossfadeTime</fadetime>-->
			<visible>String.Contains(ListItem.VideoCodec,vp8) | String.Contains(ListItem.VideoCodec,vp9)</visible>
		</control>
		<control type="image" id="619">
			<description>Flash Video Codec</description>
			<width>22</width>
			<height>35</height>
			<aspectratio>stretch</aspectratio>
			<texture>flagging/video/flv.png</texture>
			<!--<fadetime>MediaFlagsCrossfadeTime</fadetime>-->
			<visible>String.Contains(ListItem.VideoCodec,flv)</visible>
		</control>
		<control type="image" id="620">
			<description>Video Resolution</description>
			<left>-5</left>
			<width>48</width>
			<height>35</height>
			<aspectratio>stretch</aspectratio>
			<!--<fadetime>MediaFlagsCrossfadeTime</fadetime>-->
			<texture>flagging/video/$INFO[ListItem.VideoResolution].png</texture>
			<visible>!String.IsEmpty(ListItem.VideoCodec) + !Skin.HasSetting(HideVideoResMediaFlag)</visible>
		</control>
		<control type="image" id="733">
			<description>Dolby Vision Codec</description>
			<width>78</width>
			<height>35</height>
			<texture>flagging/video/dolbyvision.png</texture>
			<!--<fadetime>MediaFlagsCrossfadeTime</fadetime>-->
			<visible>String.Contains(ListItem.HdrType,dolbyvision)</visible>
		</control>
		<control type="image" id="734">
			<description>HDR10 Codec</description>
			<width>77</width>
			<height>35</height>
			<texture>flagging/video/hdr10.png</texture>
			<!--<fadetime>MediaFlagsCrossfadeTime</fadetime>-->
			<visible>String.Contains(ListItem.HdrType,hdr10)</visible>
		</control>
		<control type="image" id="735">
			<description>HLG Codec</description>
			<width>71</width>
			<height>35</height>
			<texture>flagging/video/hlg.png</texture>
			<!--<fadetime>MediaFlagsCrossfadeTime</fadetime>-->
			<visible>String.Contains(ListItem.HdrType,hlg)</visible>
		</control>




		<control type="image" id="621">
			<description>Right Border</description>
			<left>-5</left>
			<width>4</width>
			<height>35</height>
			<aspectratio>stretch</aspectratio>
			<!--<fadetime>MediaFlagsCrossfadeTime</fadetime>-->
			<texture>flagging/flag-right-border.png</texture>
			<visible>!String.IsEmpty(ListItem.VideoCodec) + Skin.HasSetting(HideVideoResMediaFlag)</visible>
		</control>
	</include>	

	<include name="SubtitleMediaFlags">
		<control type="image">
			<description>Closed Caption</description>
			<width>40</width>
			<height>35</height>
			<aspectratio>stretch</aspectratio>
			<texture>flagging/subtitle/cc.png</texture>
			<!--<fadetime>MediaFlagsCrossfadeTime</fadetime>-->
			<visible>![String.IsEmpty(ListItem.SubtitleLanguage) | System.HasAddon(script.skin.helper.service)]</visible>
		</control>
		
		<control type="image">
			<width>56</width>
			<height>35</height>
			<texture border="6">flagging/audio/audio_language.png</texture>
			<visible>![String.IsEmpty(Window(Home).Property(SkinHelper.ListItemAudioStreams.0)) | !Skin.HasSetting(HideAudioLanguageMediaFlag) | ListItem.IsCollection] + System.HasAddon(script.skin.helper.service)</visible>
		</control>
				
		<control type="label">
			<description>Audio Streams Count Label</description>
			<left>-35</left>
			<width>30</width>
			<height>35</height>
			<font>MediaFlagSubtitleFont</font>
			<textcolor>SelectedColor</textcolor>
			<align>center</align>
			<aligny>center</aligny>
			<label>[B]$INFO[Window(Home).Property(SkinHelper.ListItemAudioStreams.Count)][/B]</label>
			<animation effect="fade" end="60" condition="true">Conditional</animation>
			<visible>![String.IsEmpty(Window(Home).Property(SkinHelper.ListItemAudioStreams.0)) | !Skin.HasSetting(HideAudioLanguageMediaFlag) | ListItem.IsCollection] + System.HasAddon(script.skin.helper.service)</visible>
		</control>
		
		<control type="image">
			<width>56</width>
			<height>35</height>
			<texture border="6">flagging/subtitle/subtitle.png</texture>
			<visible>![String.IsEqual(Window(Home).Property(SkinHelper.ListItemSubtitles.Count),0) | String.IsEmpty(Window(Home).Property(SkinHelper.ListItemSubtitles.Count))] + System.HasAddon(script.skin.helper.service)</visible>
		</control>
				
		<control type="label">
			<description>Subtitle Count Label</description>
			<left>-35</left>
			<width>30</width>
			<height>35</height>
			<font>MediaFlagSubtitleFont</font>
			<textcolor>SelectedColor</textcolor>
			<align>center</align>
			<aligny>center</aligny>
			<label>[B]$INFO[Window(Home).Property(SkinHelper.ListItemSubtitles.Count)][/B]</label>
			<animation effect="fade" end="60" condition="true">Conditional</animation>
			<visible>![String.IsEqual(Window(Home).Property(SkinHelper.ListItemSubtitles.Count),0) | String.IsEmpty(Window(Home).Property(SkinHelper.ListItemSubtitles.Count))] + System.HasAddon(script.skin.helper.service)</visible>
		</control>
	</include>
	
	<include name="AudioMediaFlagsMP3">
		<description>MP3 Codec</description>
		<width>55</width>
		<height>35</height>
		<aspectratio>stretch</aspectratio>
		<texture>flagging/audio/mp3.png</texture>
	</include>

	<include name="AudioMediaFlagsMP2">
		<description>MP2 Codec</description>
		<width>53</width>
		<height>35</height>
		<aspectratio>stretch</aspectratio>
		<texture>flagging/audio/mp2.png</texture>
	</include>

	<include name="AudioMediaFlagsMP1">
		<description>MP1 Codec</description>
		<width>53</width>
		<height>35</height>
		<aspectratio>stretch</aspectratio>
		<texture>flagging/audio/mp1.png</texture>
	</include>

	<include name="AudioMediaFlagsOpus">
		<description>Opus Codec</description>
		<width>53</width>
		<height>35</height>
		<aspectratio>stretch</aspectratio>
		<texture>flagging/audio/opus.png</texture>
	</include>

	<include name="AudioMediaFlagsDts">
		<description>DTS Codec</description>
		<width>59</width>
		<height>35</height>
		<aspectratio>stretch</aspectratio>
		<texture>flagging/audio/dts.png</texture>
	</include>

	<include name="AudioMediaFlagsPcm">
		<description>PCM Codec</description>
		<width>59</width>
		<height>35</height>
		<aspectratio>stretch</aspectratio>
		<texture>flagging/audio/pcm.png</texture>
	</include>

	<include name="AudioMediaFlagsAac">
		<description>AAC Codec</description>
		<width>40</width>
		<height>35</height>
		<aspectratio>stretch</aspectratio>
		<texture>flagging/audio/aac.png</texture>
	</include>

	<include name="AudioMediaFlagsAc3">
		<description>Dolby Digital/AC3 Codec</description>
		<width>66</width>
		<height>35</height>
		<aspectratio>stretch</aspectratio>
		<texture>flagging/audio/dolbydigital.png</texture>
	</include>

	<include name="AudioMediaFlagsEac3">
		<description>EAC3 Codec</description>
		<width>66</width>
		<height>35</height>
		<aspectratio>stretch</aspectratio>
		<texture>flagging/audio/eac3.png</texture>
	</include>

	<include name="AudioMediaFlagsTrueHD">
		<description>TrueHD Codec</description>
		<width>60</width>
		<height>35</height>
		<aspectratio>stretch</aspectratio>
		<texture>flagging/audio/truehd.png</texture>
	</include>

	<include name="AudioMediaFlagsWma">
		<description>WMA STD V2/WMA Codec</description>
		<width>80</width>
		<height>35</height>
		<aspectratio>stretch</aspectratio>
		<texture>flagging/audio/wma.png</texture>
	</include>
	
	<include name="AudioMediaFlagsWmaPro">
		<description>WMA Pro Codec</description>
		<width>80</width>
		<height>35</height>
		<aspectratio>stretch</aspectratio>
		<texture>flagging/audio/wmapro.png</texture>
	</include>

	<include name="AudioMediaFlagsFlac">
		<description>FLAC Codec</description>
		<width>48</width>
		<height>35</height>
		<aspectratio>stretch</aspectratio>
		<texture>flagging/audio/flac.png</texture>
	</include>

	<include name="AudioMediaFlagsVorbis">
		<description>Vorbis Codec</description>
		<width>42</width>
		<height>35</height>
		<aspectratio>stretch</aspectratio>
		<texture>flagging/audio/vorbis.png</texture>
	</include>

	<include name="AudioMediaFlagsOgg">
		<description>OGG Codec</description>
		<width>42</width>
		<height>35</height>
		<aspectratio>stretch</aspectratio>
		<texture>flagging/audio/ogg.png</texture>
	</include>

	<include name="AudioMediaFlagsDtsHdMa">
		<description>DTS-HD Master Audio Codec</description>
		<width>66</width>
		<height>35</height>
		<aspectratio>stretch</aspectratio>
		<texture>flagging/audio/dtshd_ma.png</texture>
	</include>

	<include name="AudioMediaFlagsDtsHra">
		<description>DTS-HD High Resolution Audio</description>
		<width>66</width>
		<height>35</height>
		<aspectratio>stretch</aspectratio>
		<texture>flagging/audio/dtshd_hra.png</texture>
	</include>

	<include name="AudioMediaFlagsAtmos">
		<description>Atmos Audio</description>
		<width>66</width>
		<height>35</height>
		<aspectratio>stretch</aspectratio>
		<texture>flagging/audio/atmos.png</texture>
	</include>

	<include name="AudioMediaFlags">
		<control type="image" id="622">
			<description>MP3 Codec</description>
			<include>AudioMediaFlagsMP3</include>
			<visible>String.Contains(ListItem.AudioCodec,mp3) + [!String.Contains(ListItem.Property(AudioLanguage.1),fre) + !String.Contains(ListItem.Property(AudioLanguage.2),fre)]</visible>
		</control>
		<control type="image" id="623">
			<description>MP2 Codec</description>
			<include>AudioMediaFlagsMP2</include>
			<visible>String.Contains(ListItem.AudioCodec,mp2) + [!String.Contains(ListItem.Property(AudioLanguage.1),fre) + !String.Contains(ListItem.Property(AudioLanguage.2),fre)]</visible>
		</control>
		<control type="image" id="624">
			<description>MP1 Codec</description>
			<include>AudioMediaFlagsMP1</include>
			<visible>String.Contains(ListItem.AudioCodec,mp1) + [!String.Contains(ListItem.Property(AudioLanguage.1),fre) + !String.Contains(ListItem.Property(AudioLanguage.2),fre)]</visible>
		</control>
		<control type="image" id="700">
			<description>Opus Codec</description>
			<include>AudioMediaFlagsOpus</include>
			<visible>String.Contains(ListItem.AudioCodec,opus) + [!String.Contains(ListItem.Property(AudioLanguage.1),fre) + !String.Contains(ListItem.Property(AudioLanguage.2),fre)]</visible>
		</control>
		<control type="image" id="625">
			<description>DTS Codec</description>
			<include>AudioMediaFlagsDts</include>
			<visible>[String.Contains(ListItem.AudioCodec,dca) | String.Contains(ListItem.AudioCodec,dts)] + [!String.Contains(ListItem.Property(AudioLanguage.1),fre) + !String.Contains(ListItem.Property(AudioLanguage.2),fre)]</visible>
		</control>
		<control type="image" id="682">
			<description>PCM Codec</description>
			<include>AudioMediaFlagsPcm</include>
			<visible>[String.Contains(ListItem.AudioCodec,pcm_s16be) | String.Contains(ListItem.AudioCodec,pcm_s16le) | String.Contains(ListItem.AudioCodec,pcm_u8)] + [!String.Contains(ListItem.Property(AudioLanguage.1),fre) + !String.Contains(ListItem.Property(AudioLanguage.2),fre)]</visible>
		</control>
		<control type="image" id="626">
			<description>AAC Codec</description>
			<include>AudioMediaFlagsPcm</include>
			<visible>String.Contains(ListItem.AudioCodec,aac) + [!String.Contains(ListItem.Property(AudioLanguage.1),fre) + !String.Contains(ListItem.Property(AudioLanguage.2),fre)]</visible>
		</control>
		<control type="image" id="627">
			<description>Dolby Digital/AC3 Codec</description>
			<include>AudioMediaFlagsAc3</include>
			<visible>[String.Contains(ListItem.AudioCodec,ac3) | String.Contains(ListItem.AudioCodec,ac-3)] + !String.Contains(ListItem.AudioCodec,eac3) + [!String.Contains(ListItem.Property(AudioLanguage.1),fre) + !String.Contains(ListItem.Property(AudioLanguage.2),fre)]</visible>
		</control>
		<control type="image" id="688">
			<description>EAC3 Codec</description>
			<include>AudioMediaFlagsEac3</include>
			<visible>String.Contains(ListItem.AudioCodec,eac3) + !String.Contains(ListItem.AudioCodec,atmos) + [!String.Contains(ListItem.Property(AudioLanguage.1),fre) + !String.Contains(ListItem.Property(AudioLanguage.2),fre)]</visible>
		</control>
		<control type="image" id="628">
			<description>TrueHD Codec</description>
			<include>AudioMediaFlagsTrueHD</include>
			<visible>String.Contains(ListItem.AudioCodec,truehd) + [!String.Contains(ListItem.Property(AudioLanguage.1),fre) + !String.Contains(ListItem.Property(AudioLanguage.2),fre)]</visible>
		</control>
		<control type="image" id="629">
			<description>WMA STD V2/WMA Codec</description>
			<include>AudioMediaFlagsWma</include>
			<visible>[String.Contains(ListItem.AudioCodec,wmav2) | String.Contains(ListItem.AudioCodec,wma)] + [!String.Contains(ListItem.Property(AudioLanguage.1),fre) + !String.Contains(ListItem.Property(AudioLanguage.2),fre)]</visible>
		</control>
		<control type="image" id="686">
			<description>WMA Pro Codec</description>
			<include>AudioMediaFlagsWmaPro</include>
			<visible>String.Contains(ListItem.AudioCodec,wmapro) + [!String.Contains(ListItem.Property(AudioLanguage.1),fre) + !String.Contains(ListItem.Property(AudioLanguage.2),fre)]</visible>
		</control>
		<control type="image" id="630">
			<description>FLAC Codec</description>
			<include>AudioMediaFlagsFlac</include>
			<visible>String.Contains(ListItem.AudioCodec,flac) + [!String.Contains(ListItem.Property(AudioLanguage.1),fre) + !String.Contains(ListItem.Property(AudioLanguage.2),fre)]</visible>
		</control>
		<control type="image" id="631">
			<description>Vorbis Codec</description>
			<include>AudioMediaFlagsVorbis</include>
			<visible>String.Contains(ListItem.AudioCodec,vorbis) + [!String.Contains(ListItem.Property(AudioLanguage.1),fre) + !String.Contains(ListItem.Property(AudioLanguage.2),fre)]</visible>
		</control>
		<control type="image" id="684">
			<description>OGG Codec</description>
			<include>AudioMediaFlagsOgg</include>
			<visible>String.Contains(ListItem.AudioCodec,ogg) + [!String.Contains(ListItem.Property(AudioLanguage.1),fre) + !String.Contains(ListItem.Property(AudioLanguage.2),fre)]</visible>
		</control>
		<control type="image" id="632">
			<description>DTS-HD Master Audio Codec</description>
			<include>AudioMediaFlagsDtsHdMa</include>
			<visible>String.Contains(ListItem.AudioCodec,dtshd_ma) + [!String.Contains(ListItem.Property(AudioLanguage.1),fre) + !String.Contains(ListItem.Property(AudioLanguage.2),fre)]</visible>
		</control>
		<control type="image" id="633">
			<description>DTS-HD High Resolution Audio</description>
			<include>AudioMediaFlagsDtsHra</include>
			<visible>String.Contains(ListItem.AudioCodec,dtshd_hra) + [!String.Contains(ListItem.Property(AudioLanguage.1),fre) + !String.Contains(ListItem.Property(AudioLanguage.2),fre)]</visible>
		</control>
		<control type="image" id="634">
			<description>Atmos Codec</description>
			<include>AudioMediaFlagsAtmos</include>
			<visible>String.Contains(ListItem.AudioCodec,atmos) + [!String.Contains(ListItem.Property(AudioLanguage.1),fre) + !String.Contains(ListItem.Property(AudioLanguage.2),fre)]</visible>
		</control>
		<control type="image" id="635">
			<description>Audio Channels</description>
			<left>-5</left>
			<width>43</width>
			<height>35</height>
			<aspectratio>stretch</aspectratio>
			<texture>flagging/audio/$INFO[ListItem.Property(AudioChannels.1)].png</texture>
			<!--<fadetime>MediaFlagsCrossfadeTime</fadetime>-->
			<visible>!String.IsEmpty(ListItem.AudioCodec) + [!String.Contains(ListItem.Property(AudioLanguage.1),fre) + !String.Contains(ListItem.Property(AudioLanguage.2),fre)]</visible>
		</control>
	</include>

	<include name="AudioMediaFlags1">		
		<control type="image">
			<description>Language 1</description>
			<top>-10</top>
			<width>55</width>
			<height>55</height>	
			<texture fallback="flagging/lang/-.png">$INFO[ListItem.Property(AudioLanguage.1),flagging/lang/,.png]</texture>
			<aspectratio>keep</aspectratio>
			<visible>Window.IsActive(DialogVideoInfo.xml) + !String.isEmpty(ListItem.Property(AudioCodec.1))</visible>
		</control>
		<control type="image" id="622">
			<description>MP3 Codec</description>
			<include>AudioMediaFlagsMP3</include>
			<visible>String.Contains(ListItem.Property(AudioCodec.1),mp3) + [String.Contains(ListItem.Property(AudioLanguage.1),fre) | Window.IsActive(DialogVideoInfo.xml)]</visible>
		</control>
		<control type="image" id="623">
			<description>MP2 Codec</description>
			<include>AudioMediaFlagsMP2</include>
			<visible>String.Contains(ListItem.Property(AudioCodec.1),mp2) +[String.Contains(ListItem.Property(AudioLanguage.1),fre) | Window.IsActive(DialogVideoInfo.xml)]</visible>
		</control>
		<control type="image" id="624">
			<description>MP1 Codec</description>
			<include>AudioMediaFlagsMP1</include>
			<visible>String.Contains(ListItem.Property(AudioCodec.1),mp1) +[String.Contains(ListItem.Property(AudioLanguage.1),fre) | Window.IsActive(DialogVideoInfo.xml)]</visible>
		</control>
		<control type="image" id="700">
			<description>Opus Codec</description>
			<include>AudioMediaFlagsOpus</include>
			<visible>String.Contains(ListItem.Property(AudioCodec.1),opus) +[String.Contains(ListItem.Property(AudioLanguage.1),fre) | Window.IsActive(DialogVideoInfo.xml)]</visible>
		</control>
		<control type="image" id="625">
			<description>DTS Codec</description>
			<include>AudioMediaFlagsDts</include>
			<visible>[String.Contains(ListItem.Property(AudioCodec.1),dca) | String.Contains(ListItem.Property(AudioCodec.1),dts) + !String.Contains(ListItem.Property(AudioCodec.1),dtshd)] + [String.Contains(ListItem.Property(AudioLanguage.1),fre) | Window.IsActive(DialogVideoInfo.xml)]</visible>
		</control>
		<control type="image" id="682">
			<description>PCM Codec</description>
			<include>AudioMediaFlagsPcm</include>
			<visible>[String.Contains(ListItem.Property(AudioCodec.1),pcm_s16be) | String.Contains(ListItem.Property(AudioCodec.1),pcm_s16le) | String.Contains(ListItem.Property(AudioCodec.1),pcm_u8)] +[String.Contains(ListItem.Property(AudioLanguage.1),fre) | Window.IsActive(DialogVideoInfo.xml)]</visible>
		</control>
		<control type="image" id="626">
			<description>AAC Codec</description>
			<include>AudioMediaFlagsPcm</include>
			<visible>String.Contains(ListItem.Property(AudioCodec.1),aac) +[String.Contains(ListItem.Property(AudioLanguage.1),fre) | Window.IsActive(DialogVideoInfo.xml)]</visible>
		</control>
		<control type="image" id="627">
			<description>Dolby Digital/AC3 Codec</description>
			<include>AudioMediaFlagsAc3</include>
			<visible>[String.Contains(ListItem.Property(AudioCodec.1),ac3) | String.Contains(ListItem.Property(AudioCodec.1),ac-3)] + !String.Contains(ListItem.Property(AudioCodec.1),eac3) + [String.Contains(ListItem.Property(AudioLanguage.1),fre) | Window.IsActive(DialogVideoInfo.xml)]</visible>
		</control>
		<control type="image" id="688">
			<description>EAC3 Codec</description>
			<include>AudioMediaFlagsEac3</include>
			<visible>[String.Contains(ListItem.Property(AudioCodec.1),eac3) + !String.Contains(ListItem.Property(AudioCodec.1),atmos)] + [String.Contains(ListItem.Property(AudioLanguage.1),fre) | Window.IsActive(DialogVideoInfo.xml)]</visible>
		</control>
		<control type="image" id="628">
			<description>TrueHD Codec</description>
			<include>AudioMediaFlagsTrueHD</include>
			<visible>String.Contains(ListItem.Property(AudioCodec.1),truehd) +[String.Contains(ListItem.Property(AudioLanguage.1),fre) | Window.IsActive(DialogVideoInfo.xml)]</visible>
		</control>
		<control type="image" id="629">
			<description>WMA STD V2/WMA Codec</description>
			<include>AudioMediaFlagsWma</include>
			<visible>[String.Contains(ListItem.Property(AudioCodec.1),wmav2) | String.Contains(ListItem.Property(AudioCodec.1),wma)] +[String.Contains(ListItem.Property(AudioLanguage.1),fre) | Window.IsActive(DialogVideoInfo.xml)]</visible>
		</control>
		<control type="image" id="686">
			<description>WMA Pro Codec</description>
			<include>AudioMediaFlagsWmaPro</include>
			<visible>String.Contains(ListItem.Property(AudioCodec.1),wmapro) +[String.Contains(ListItem.Property(AudioLanguage.1),fre) | Window.IsActive(DialogVideoInfo.xml)]</visible>
		</control>
		<control type="image" id="630">
			<description>FLAC Codec</description>
			<include>AudioMediaFlagsFlac</include>
			<visible>String.Contains(ListItem.Property(AudioCodec.1),flac) +[String.Contains(ListItem.Property(AudioLanguage.1),fre) | Window.IsActive(DialogVideoInfo.xml)]</visible>
		</control>
		<control type="image" id="631">
			<description>Vorbis Codec</description>
			<include>AudioMediaFlagsVorbis</include>
			<visible>String.Contains(ListItem.Property(AudioCodec.1),vorbis) +[String.Contains(ListItem.Property(AudioLanguage.1),fre) | Window.IsActive(DialogVideoInfo.xml)]</visible>
		</control>
		<control type="image" id="684">
			<description>OGG Codec</description>
			<include>AudioMediaFlagsOgg</include>
			<visible>String.Contains(ListItem.Property(AudioCodec.1),ogg) +[String.Contains(ListItem.Property(AudioLanguage.1),fre) | Window.IsActive(DialogVideoInfo.xml)]</visible>
		</control>
		<control type="image" id="632">
			<description>DTS-HD Master Audio Codec</description>
			<include>AudioMediaFlagsDtsHdMa</include>
			<visible>String.Contains(ListItem.Property(AudioCodec.1),dtshd_ma) +[String.Contains(ListItem.Property(AudioLanguage.1),fre) | Window.IsActive(DialogVideoInfo.xml)]</visible>
		</control>
		<control type="image" id="633">
			<description>DTS-HD High Resolution Audio</description>
			<include>AudioMediaFlagsDtsHra</include>
			<visible>String.Contains(ListItem.Property(AudioCodec.1),dtshd_hra) + [String.Contains(ListItem.Property(AudioLanguage.1),fre) | Window.IsActive(DialogVideoInfo.xml)]</visible>
		</control>
		<control type="image" id="634">
			<description>Atmos Codec</description>
			<include>AudioMediaFlagsAtmos</include>
			<visible>String.Contains(ListItem.Property(AudioCodec.1),atmos) + [String.Contains(ListItem.Property(AudioLanguage.1),fre) | Window.IsActive(DialogVideoInfo.xml)]</visible>
		</control>
		<control type="image" id="635">
			<description>Audio Channels</description>
			<left>-5</left>
			<width>43</width>
			<height>35</height>
			<aspectratio>stretch</aspectratio>
			<texture>flagging/audio/$INFO[ListItem.Property(AudioChannels.1)].png</texture>
			<!--<fadetime>MediaFlagsCrossfadeTime</fadetime>-->
			<visible>!String.IsEmpty(ListItem.Property(AudioCodec.1)) +[String.Contains(ListItem.Property(AudioLanguage.1),fre) | Window.IsActive(DialogVideoInfo.xml)]</visible>
		</control>
	</include>

	<include name="AudioMediaFlags2">
		<control type="image">
			<description>Language 2</description>
			<top>-10</top>
			<width>55</width>
			<height>55</height>	
			<texture fallback="flagging/lang/-.png">$INFO[ListItem.Property(AudioLanguage.2),flagging/lang/,.png]</texture>
			<aspectratio>keep</aspectratio>
			<visible>Window.IsActive(DialogVideoInfo.xml) + !String.isEmpty(ListItem.Property(AudioCodec.2))</visible>
		</control>
		<control type="image" id="622">
			<description>MP3 Codec</description>
			<include>AudioMediaFlagsMP3</include>
			<visible>String.Contains(ListItem.Property(AudioCodec.2),mp3) + [String.Contains(ListItem.Property(AudioLanguage.2),fre) | Window.IsActive(DialogVideoInfo.xml)]</visible>
		</control>
		<control type="image" id="623">
			<description>MP2 Codec</description>
			<include>AudioMediaFlagsMP2</include>
			<visible>String.Contains(ListItem.Property(AudioCodec.2),mp2) +[String.Contains(ListItem.Property(AudioLanguage.2),fre) | Window.IsActive(DialogVideoInfo.xml)]</visible>
		</control>
		<control type="image" id="624">
			<description>MP1 Codec</description>
			<include>AudioMediaFlagsMP1</include>
			<visible>String.Contains(ListItem.Property(AudioCodec.2),mp1) +[String.Contains(ListItem.Property(AudioLanguage.2),fre) | Window.IsActive(DialogVideoInfo.xml)]</visible>
		</control>
		<control type="image" id="700">
			<description>Opus Codec</description>
			<include>AudioMediaFlagsOpus</include>
			<visible>String.Contains(ListItem.Property(AudioCodec.2),opus) +[String.Contains(ListItem.Property(AudioLanguage.2),fre) | Window.IsActive(DialogVideoInfo.xml)]</visible>
		</control>
		<control type="image" id="625">
			<description>DTS Codec</description>
			<include>AudioMediaFlagsDts</include>
			<visible>[String.Contains(ListItem.Property(AudioCodec.2),dca) | String.Contains(ListItem.Property(AudioCodec.2),dts) + !String.Contains(ListItem.Property(AudioCodec.2),dtshd)] + [String.Contains(ListItem.Property(AudioLanguage.2),fre) | Window.IsActive(DialogVideoInfo.xml)]</visible>
		</control>
		<control type="image" id="682">
			<description>PCM Codec</description>
			<include>AudioMediaFlagsPcm</include>
			<visible>[String.Contains(ListItem.Property(AudioCodec.2),pcm_s16be) | String.Contains(ListItem.Property(AudioCodec.2),pcm_s16le) | String.Contains(ListItem.Property(AudioCodec.2),pcm_u8)] +[String.Contains(ListItem.Property(AudioLanguage.2),fre) | Window.IsActive(DialogVideoInfo.xml)]</visible>
		</control>
		<control type="image" id="626">
			<description>AAC Codec</description>
			<include>AudioMediaFlagsPcm</include>
			<visible>String.Contains(ListItem.Property(AudioCodec.2),aac) +[String.Contains(ListItem.Property(AudioLanguage.2),fre) | Window.IsActive(DialogVideoInfo.xml)]</visible>
		</control>
		<control type="image" id="627">
			<description>Dolby Digital/AC3 Codec</description>
			<include>AudioMediaFlagsAc3</include>
			<visible>[String.Contains(ListItem.Property(AudioCodec.2),ac3) | String.Contains(ListItem.Property(AudioCodec.2),ac-3)] + !String.Contains(ListItem.Property(AudioCodec.2),eac3) + [String.Contains(ListItem.Property(AudioLanguage.2),fre) | Window.IsActive(DialogVideoInfo.xml)]</visible>
		</control>
		<control type="image" id="688">
			<description>EAC3 Codec</description>
			<include>AudioMediaFlagsEac3</include>
			<visible>[String.Contains(ListItem.Property(AudioCodec.2),eac3) + !String.Contains(ListItem.Property(AudioCodec.2),atmos)] + [String.Contains(ListItem.Property(AudioLanguage.2),fre) | Window.IsActive(DialogVideoInfo.xml)]</visible>
		</control>
		<control type="image" id="628">
			<description>TrueHD Codec</description>
			<include>AudioMediaFlagsTrueHD</include>
			<visible>String.Contains(ListItem.Property(AudioCodec.2),truehd) +[String.Contains(ListItem.Property(AudioLanguage.2),fre) | Window.IsActive(DialogVideoInfo.xml)]</visible>
		</control>
		<control type="image" id="629">
			<description>WMA STD V2/WMA Codec</description>
			<include>AudioMediaFlagsWma</include>
			<visible>[String.Contains(ListItem.Property(AudioCodec.2),wmav2) | String.Contains(ListItem.Property(AudioCodec.2),wma)] +[String.Contains(ListItem.Property(AudioLanguage.2),fre) | Window.IsActive(DialogVideoInfo.xml)]</visible>
		</control>
		<control type="image" id="686">
			<description>WMA Pro Codec</description>
			<include>AudioMediaFlagsWmaPro</include>
			<visible>String.Contains(ListItem.Property(AudioCodec.2),wmapro) +[String.Contains(ListItem.Property(AudioLanguage.2),fre) | Window.IsActive(DialogVideoInfo.xml)]</visible>
		</control>
		<control type="image" id="630">
			<description>FLAC Codec</description>
			<include>AudioMediaFlagsFlac</include>
			<visible>String.Contains(ListItem.Property(AudioCodec.2),flac) +[String.Contains(ListItem.Property(AudioLanguage.2),fre) | Window.IsActive(DialogVideoInfo.xml)]</visible>
		</control>
		<control type="image" id="631">
			<description>Vorbis Codec</description>
			<include>AudioMediaFlagsVorbis</include>
			<visible>String.Contains(ListItem.Property(AudioCodec.2),vorbis) +[String.Contains(ListItem.Property(AudioLanguage.2),fre) | Window.IsActive(DialogVideoInfo.xml)]</visible>
		</control>
		<control type="image" id="684">
			<description>OGG Codec</description>
			<include>AudioMediaFlagsOgg</include>
			<visible>String.Contains(ListItem.Property(AudioCodec.2),ogg) +[String.Contains(ListItem.Property(AudioLanguage.2),fre) | Window.IsActive(DialogVideoInfo.xml)]</visible>
		</control>
		<control type="image" id="632">
			<description>DTS-HD Master Audio Codec</description>
			<include>AudioMediaFlagsDtsHdMa</include>
			<visible>String.Contains(ListItem.Property(AudioCodec.2),dtshd_ma) +[String.Contains(ListItem.Property(AudioLanguage.2),fre) | Window.IsActive(DialogVideoInfo.xml)]</visible>
		</control>
		<control type="image" id="633">
			<description>DTS-HD High Resolution Audio</description>
			<include>AudioMediaFlagsDtsHra</include>
			<visible>String.Contains(ListItem.Property(AudioCodec.2),dtshd_hra) + [String.Contains(ListItem.Property(AudioLanguage.2),fre) | Window.IsActive(DialogVideoInfo.xml)]</visible>
		</control>
		<control type="image" id="634">
			<description>Atmos Codec</description>
			<include>AudioMediaFlagsAtmos</include>
			<visible>String.Contains(ListItem.Property(AudioCodec.2),atmos) + [String.Contains(ListItem.Property(AudioLanguage.2),fre) | Window.IsActive(DialogVideoInfo.xml)]</visible>
		</control>
		<control type="image" id="635">
			<description>Audio Channels</description>
			<left>-5</left>
			<width>43</width>
			<height>35</height>
			<aspectratio>stretch</aspectratio>
			<texture>flagging/audio/$INFO[ListItem.Property(AudioChannels.1)].png</texture>
			<!--<fadetime>MediaFlagsCrossfadeTime</fadetime>-->
			<visible>!String.IsEmpty(ListItem.Property(AudioCodec.2)) +[String.Contains(ListItem.Property(AudioLanguage.2),fre) | Window.IsActive(DialogVideoInfo.xml)]</visible>
		</control>	
	</include>

	<include name="AudioMediaSubs">
		<control type="grouplist">
			<visible>!String.IsEmpty(ListItem.Property(SubtitleLanguage.1))</visible>
			<width>15</width>
			<height>60</height>	
			<control type="image">
				<description>Subs 1</description>
				<width>15</width>
				<height>15</height>	
				<texture background="true">$INFO[ListItem.Property(SubtitleLanguage.1),flagging/lang/,.png]</texture>
				<aspectratio>keep</aspectratio>
				<visible>Window.IsActive(DialogVideoInfo.xml)</visible>
			</control>
			<control type="image">
				<description>Subs 3</description>
				<width>15</width>
				<height>15</height>	
				<texture background="true">$INFO[ListItem.Property(SubtitleLanguage.3),flagging/lang/,.png]</texture>
				<aspectratio>keep</aspectratio>
				<visible>Window.IsActive(DialogVideoInfo.xml)</visible>
			</control>				
		</control>	
		<control type="grouplist">
			<visible>!String.IsEmpty(ListItem.Property(SubtitleLanguage.2))</visible>
			<width>15</width>
			<height>60</height>	
			<control type="image">
				<description>Subs 2</description>
				<width>15</width>
				<height>15</height>	
				<texture background="true">$INFO[ListItem.Property(SubtitleLanguage.2),flagging/lang/,.png]</texture>
				<aspectratio>keep</aspectratio>
				<visible>Window.IsActive(DialogVideoInfo.xml)</visible>
			</control>
			<control type="image">
				<description>Subs 4</description>
				<width>15</width>
				<height>15</height>	
				<texture background="true">$INFO[ListItem.Property(SubtitleLanguage.4),flagging/lang/,.png]</texture>
				<aspectratio>keep</aspectratio>
				<visible>Window.IsActive(DialogVideoInfo.xml)</visible>
			</control>				
		</control>				
	</include>

	<include name="AspectMediaFlags">
		<control type="image" id="633">
			<description>Aspect Ratio</description>
			<width>50</width>
			<height>35</height>
			<aspectratio>stretch</aspectratio>
			<texture>flagging/aspectratio/$INFO[ListItem.VideoAspect].png</texture>
			<!--<fadetime>MediaFlagsCrossfadeTime</fadetime>-->
			<visible>!String.IsEmpty(ListItem.VideoAspect)</visible>
		</control>
	</include>
	
	<include name="PlayerVideoMediaFlags">
		<control type="image" id="670">
			<description>Blu-ray</description>
			<width>49</width>
			<height>35</height>
			<aspectratio>stretch</aspectratio>
			<texture>flagging/video/bluray.png</texture>
			<!--<fadetime>MediaFlagsCrossfadeTime</fadetime>-->
			<visible>String.Contains(Player.FilenameAndPath,bluray) | String.Contains(Player.FilenameAndPath,blu-ray) | String.Contains(Player.FilenameAndPath,bdrip) | String.Contains(Player.FilenameAndPath,brrip) | String.Contains(Player.FilenameAndPath,bd25) | String.Contains(Player.FilenameAndPath,bd50)</visible>
		</control>
		<control type="image" id="696">
			<description>Web-DL</description>
			<width>49</width>
			<height>35</height>
			<aspectratio>stretch</aspectratio>
			<texture>flagging/video/web-dl.png</texture>
			<!--<fadetime>MediaFlagsCrossfadeTime</fadetime>-->
			<visible>[String.Contains(Player.FilenameAndPath,web-dl) | String.Contains(Player.FilenameAndPath,web-download) | String.Contains(Player.FilenameAndPath,webrip)] + ![String.Contains(VideoPlayer.VideoCodec,vp8) | String.Contains(VideoPlayer.VideoCodec,vp9)]</visible>
		</control>
		<control type="image" id="671">
			<description>3D</description>
			<width>65</width>
			<height>35</height>
			<aspectratio>stretch</aspectratio>
			<texture>flagging/video/3d.png</texture>
			<!--<fadetime>MediaFlagsCrossfadeTime</fadetime>-->
			<visible>VideoPlayer.IsStereoscopic | String.Contains(Player.FilenameAndPath,.3d.) | String.Contains(Player.FilenameAndPath,hsbs) | String.Contains(Player.FilenameAndPath,sbs) | String.Contains(Player.FilenameAndPath,half-sbs)</visible>
		</control>
		<control type="image" id="672">
			<description>HDDVD</description>
			<width>82</width>
			<height>35</height>
			<aspectratio>stretch</aspectratio>
			<texture>flagging/video/hddvd.png</texture>
			<!--<fadetime>MediaFlagsCrossfadeTime</fadetime>-->
			<visible>String.Contains(Player.FilenameAndPath,hddvd) | String.Contains(Player.FilenameAndPath,hd-dvd)</visible>
		</control>
		<control type="image" id="719">
			<description>DVD</description>
			<width>55</width>
			<height>35</height>
			<aspectratio>stretch</aspectratio>
			<texture>flagging/video/dvd.png</texture>
			<!--<fadetime>MediaFlagsCrossfadeTime</fadetime>-->
			<visible>[String.Contains(Player.FilenameAndPath,.img,Right) | String.Contains(Player.FilenameAndPath,dvd) | String.Contains(Player.FilenameAndPath,.ifo,Right) | String.Contains(Player.FilenameAndPath,.vob,Right) | String.Contains(Player.FilenameAndPath,dvdrip) | String.Contains(Player.FilenameAndPath,dvdr5) | String.Contains(Player.FilenameAndPath,.r5) | String.Contains(Player.FilenameAndPath,dvdscreener) | String.Contains(Player.FilenameAndPath,dvdscr) | String.Contains(Player.FilenameAndPath,screener)] + ![String.Contains(Player.FilenameAndPath,hddvd) | String.Contains(Player.FilenameAndPath,hd-dvd)]</visible>
		</control>
		<control type="image" id="673">
			<description>HDTV</description>
			<width>74</width>
			<height>35</height>
			<aspectratio>stretch</aspectratio>
			<texture>flagging/video/hdtv.png</texture>
			<!--<fadetime>MediaFlagsCrossfadeTime</fadetime>-->
			<visible>String.Contains(Player.FilenameAndPath,hdtv) | String.Contains(Player.FilenameAndPath,hdrip)</visible>
		</control>
		<control type="image" id="674">
			<description>SDTV</description>
			<width>74</width>
			<height>35</height>
			<aspectratio>stretch</aspectratio>
			<texture>flagging/video/sdtv.png</texture>
			<!--<fadetime>MediaFlagsCrossfadeTime</fadetime>-->
			<visible>String.Contains(Player.FilenameAndPath,PDTV) | String.Contains(Player.FilenameAndPath,sdtv)</visible>
		</control>
		<control type="image" id="675">
			<description>Telesync</description>
			<width>41</width>
			<height>35</height>
			<aspectratio>stretch</aspectratio>
			<texture>flagging/video/film.png</texture>
			<!--<fadetime>MediaFlagsCrossfadeTime</fadetime>-->
			<visible>String.Contains(Player.FilenameAndPath,.telesync) | String.Contains(Player.FilenameAndPath,.ts.)</visible>
		</control>
		<control type="image" id="676">
			<description>Cam</description>
			<width>41</width>
			<height>35</height>
			<aspectratio>stretch</aspectratio>
			<texture>flagging/video/film.png</texture>
			<!--<fadetime>MediaFlagsCrossfadeTime</fadetime>-->
			<visible>String.Contains(Player.FilenameAndPath,.cam)</visible>
		</control>
		<control type="image" id="679">
			<description>VHS</description>
			<width>64</width>
			<height>35</height>
			<aspectratio>stretch</aspectratio>
			<texture>flagging/video/vhs.png</texture>
			<!--<fadetime>MediaFlagsCrossfadeTime</fadetime>-->
			<visible>String.Contains(Player.FilenameAndPath,vhs)</visible>
		</control>
		<control type="image" id="639">
			<description>Xvid Codec</description>
			<width>57</width>
			<height>35</height>
			<aspectratio>stretch</aspectratio>
			<texture>flagging/video/xvid.png</texture>
			<!--<fadetime>MediaFlagsCrossfadeTime</fadetime>-->
			<visible>String.Contains(VideoPlayer.VideoCodec,xvid)</visible>
		</control>
		<control type="image" id="640">
			<description>Divx Codec</description>
			<width>67</width>
			<height>35</height>
			<aspectratio>stretch</aspectratio>
			<texture>flagging/video/divx.png</texture>
			<!--<fadetime>MediaFlagsCrossfadeTime</fadetime>-->
			<visible>String.Contains(VideoPlayer.VideoCodec,divx) | String.Contains(VideoPlayer.VideoCodec,div2) | String.Contains(VideoPlayer.VideoCodec,div3) | String.Contains(VideoPlayer.VideoCodec,div4) | String.Contains(VideoPlayer.VideoCodec,divx 4) | String.Contains(VideoPlayer.VideoCodec,div5) | String.Contains(VideoPlayer.VideoCodec,dx50)</visible>
		</control>
		<control type="image" id="641">
			<description>H264 Codec</description>
			<width>61</width>
			<height>35</height>
			<aspectratio>stretch</aspectratio>
			<texture>flagging/video/h264.png</texture>
			<!--<fadetime>MediaFlagsCrossfadeTime</fadetime>-->
			<visible>String.Contains(VideoPlayer.VideoCodec,h264) | String.Contains(VideoPlayer.VideoCodec,x264) | String.Contains(VideoPlayer.VideoCodec,hdmv)</visible>
		</control>
		<control type="image" id="699">
			<description>H265 Codec</description>
			<width>61</width>
			<height>35</height>
			<aspectratio>stretch</aspectratio>
			<texture>flagging/video/hevc.png</texture>
			<!--<fadetime>MediaFlagsCrossfadeTime</fadetime>-->
			<visible>String.Contains(VideoPlayer.VideoCodec,hevc)</visible>
		</control>
		<control type="image" id="642">
			<description>AVC1 Codec</description>
			<width>61</width>
			<height>35</height>
			<aspectratio>stretch</aspectratio>
			<texture>flagging/video/avc1.png</texture>
			<!--<fadetime>MediaFlagsCrossfadeTime</fadetime>-->
			<visible>String.Contains(VideoPlayer.VideoCodec,avc1)</visible>
		</control>
		<control type="image" id="643">
			<description>WVC1 Codec</description>
			<width>80</width>
			<height>35</height>
			<aspectratio>stretch</aspectratio>
			<texture>flagging/video/wvc1.png</texture>
			<!--<fadetime>MediaFlagsCrossfadeTime</fadetime>-->
			<visible>String.Contains(VideoPlayer.VideoCodec,wvc1)</visible>
		</control>
		<control type="image" id="721">
			<description>VC-1 Codec</description>
			<width>80</width>
			<height>35</height>
			<aspectratio>stretch</aspectratio>
			<texture>flagging/video/vc-1.png</texture>
			<!--<fadetime>MediaFlagsCrossfadeTime</fadetime>-->
			<visible>String.Contains(VideoPlayer.VideoCodec,vc1) | String.Contains(VideoPlayer.VideoCodec,vc-1)</visible>
		</control>
		<control type="image" id="681">
			<description>WMV Codec</description>
			<width>80</width>
			<height>35</height>
			<aspectratio>stretch</aspectratio>
			<texture>flagging/video/wmv.png</texture>
			<!--<fadetime>MediaFlagsCrossfadeTime</fadetime>-->
			<visible>String.Contains(VideoPlayer.VideoCodec,wmv) | String.Contains(VideoPlayer.VideoCodec,wmv2) | String.Contains(VideoPlayer.VideoCodec,wmv3)</visible>
		</control>
		<control type="image" id="644">
			<description>MPEG-1 Codec</description>
			<width>57</width>
			<height>35</height>
			<aspectratio>stretch</aspectratio>
			<texture>flagging/video/mpeg1video.png</texture>
			<!--<fadetime>MediaFlagsCrossfadeTime</fadetime>-->
			<visible>String.Contains(VideoPlayer.VideoCodec,mpeg1video)</visible>
		</control>
		<control type="image" id="645">
			<description>MPEG-2 Codec</description>
			<width>57</width>
			<height>35</height>
			<aspectratio>stretch</aspectratio>
			<texture>flagging/video/mpeg2video.png</texture>
			<!--<fadetime>MediaFlagsCrossfadeTime</fadetime>-->
			<visible>String.Contains(VideoPlayer.VideoCodec,mpeg2video) | String.Contains(VideoPlayer.VideoCodec,mpeg video) | String.Contains(VideoPlayer.VideoCodec,mpeg2)</visible>
		</control>
		<control type="image" id="646">
			<description>MPEG-4 Codec</description>
			<width>57</width>
			<height>35</height>
			<aspectratio>stretch</aspectratio>
			<texture>flagging/video/mpeg4video.png</texture>
			<!--<fadetime>MediaFlagsCrossfadeTime</fadetime>-->
			<visible>String.Contains(VideoPlayer.VideoCodec,mpeg-4 visual) | String.Contains(VideoPlayer.VideoCodec,mp4v) | String.Contains(VideoPlayer.VideoCodec,mpg4)</visible>
		</control>
		<control type="image" id="647">
			<description>Sorenson Video Codec</description>
			<width>36</width>
			<height>35</height>
			<aspectratio>stretch</aspectratio>
			<texture>flagging/video/svq3.png</texture>
			<!--<fadetime>MediaFlagsCrossfadeTime</fadetime>-->
			<visible>String.Contains(VideoPlayer.VideoCodec,svq1) | String.Contains(VideoPlayer.VideoCodec,svq3)</visible>
		</control>
		<control type="image" id="697">
			<description>VP8 and VP9 Video Codec</description>
			<width>36</width>
			<height>35</height>
			<aspectratio>stretch</aspectratio>
			<texture>flagging/video/vp8.png</texture>
			<!--<fadetime>MediaFlagsCrossfadeTime</fadetime>-->
			<visible>String.Contains(VideoPlayer.VideoCodec,vp8) | String.Contains(VideoPlayer.VideoCodec,vp9)</visible>
		</control>
		<control type="image" id="648">
			<description>Flash Video Codec</description>
			<width>22</width>
			<height>35</height>
			<aspectratio>stretch</aspectratio>
			<texture>flagging/video/flv.png</texture>
			<!--<fadetime>MediaFlagsCrossfadeTime</fadetime>-->
			<visible>String.Contains(VideoPlayer.VideoCodec,flv)</visible>
		</control>
		<control type="image" id="649">
			<description>Video Resolution</description>
			<left>-5</left>
			<width>48</width>
			<height>35</height>
			<aspectratio>stretch</aspectratio>
			<!--<fadetime>MediaFlagsCrossfadeTime</fadetime>-->
			<texture>flagging/video/$INFO[VideoPlayer.VideoResolution].png</texture>
			<visible>!String.IsEmpty(VideoPlayer.VideoCodec) + !Skin.HasSetting(HideVideoResMediaFlag)</visible>
		</control>
		<control type="image" id="650">
			<description>Right Border</description>
			<left>-5</left>
			<width>4</width>
			<height>35</height>
			<aspectratio>stretch</aspectratio>
			<!--<fadetime>MediaFlagsCrossfadeTime</fadetime>-->
			<texture>flagging/flag-right-border.png</texture>
			<visible>!String.IsEmpty(VideoPlayer.VideoCodec) + Skin.HasSetting(HideVideoResMediaFlag)</visible>
		</control>
	</include>
	
	<include name="PlayerAudioMediaFlags">
		<control type="image" id="651">
			<description>MP3 Codec</description>
			<width>55</width>
			<height>35</height>
			<aspectratio>stretch</aspectratio>
			<texture>flagging/audio/mp3.png</texture>
			<!--<fadetime>MediaFlagsCrossfadeTime</fadetime>-->
			<visible>String.Contains(VideoPlayer.AudioCodec,mp3)</visible>
		</control>
		<control type="image" id="652">
			<description>MP2 Codec</description>
			<width>53</width>
			<height>35</height>
			<aspectratio>stretch</aspectratio>
			<texture>flagging/audio/mp2.png</texture>
			<!--<fadetime>MediaFlagsCrossfadeTime</fadetime>-->
			<visible>String.Contains(VideoPlayer.AudioCodec,mp2)</visible>
		</control>
		<control type="image" id="653">
			<description>MP1 Codec</description>
			<width>53</width>
			<height>35</height>
			<aspectratio>stretch</aspectratio>
			<texture>flagging/audio/mp1.png</texture>
			<!--<fadetime>MediaFlagsCrossfadeTime</fadetime>-->
			<visible>String.Contains(VideoPlayer.AudioCodec,mp1)</visible>
		</control>
		<control type="image" id="701">
			<description>Opus Codec</description>
			<width>53</width>
			<height>35</height>
			<aspectratio>stretch</aspectratio>
			<texture>flagging/audio/opus.png</texture>
			<!--<fadetime>MediaFlagsCrossfadeTime</fadetime>-->
			<visible>String.Contains(VideoPlayer.AudioCodec,opus)</visible>
		</control>
		<control type="image" id="654">
			<description>DTS Codec</description>
			<width>66</width>
			<height>35</height>
			<aspectratio>stretch</aspectratio>
			<texture>flagging/audio/dts.png</texture>
			<!--<fadetime>MediaFlagsCrossfadeTime</fadetime>-->
			<visible>String.Contains(VideoPlayer.AudioCodec,dca)</visible>
		</control>
		<control type="image" id="683">
			<description>PCM Codec</description>
			<width>59</width>
			<height>35</height>
			<aspectratio>stretch</aspectratio>
			<texture>flagging/audio/pcm.png</texture>
			<!--<fadetime>MediaFlagsCrossfadeTime</fadetime>-->
			<visible>String.Contains(VideoPlayer.AudioCodec,pcm_s16be) | String.Contains(VideoPlayer.AudioCodec,pcm_s16le) | String.Contains(VideoPlayer.AudioCodec,pcm_u8)</visible>
		</control>
		<control type="image" id="655">
			<description>AAC Codec</description>
			<width>40</width>
			<height>35</height>
			<aspectratio>stretch</aspectratio>
			<texture>flagging/audio/aac.png</texture>
			<!--<fadetime>MediaFlagsCrossfadeTime</fadetime>-->
			<visible>String.Contains(VideoPlayer.AudioCodec,aac)</visible>
		</control>
		<control type="image" id="656">
			<description>Dolby Digital/AC3 Codec</description>
			<width>66</width>
			<height>35</height>
			<aspectratio>stretch</aspectratio>
			<texture>flagging/audio/dolbydigital.png</texture>
			<!--<fadetime>MediaFlagsCrossfadeTime</fadetime>-->
			<visible>[String.Contains(VideoPlayer.AudioCodec,ac3) | String.Contains(VideoPlayer.AudioCodec,ac-3)] + !String.Contains(VideoPlayer.AudioCodec,eac3)</visible>
		</control>
		<control type="image" id="689">
			<description>EAC3 Codec</description>
			<width>66</width>
			<height>35</height>
			<aspectratio>stretch</aspectratio>
			<texture>flagging/audio/eac3.png</texture>
			<!--<fadetime>MediaFlagsCrossfadeTime</fadetime>-->
			<visible>String.Contains(VideoPlayer.AudioCodec,eac3) + !String.Contains(Player.FilenameAndPath,atmos)</visible>
		</control>
		<control type="image" id="669">
			<description>TrueHD Codec</description>
			<width>60</width>
			<height>35</height>
			<aspectratio>stretch</aspectratio>
			<texture>flagging/audio/truehd.png</texture>
			<!--<fadetime>MediaFlagsCrossfadeTime</fadetime>-->
			<visible>String.Contains(VideoPlayer.AudioCodec,truehd)</visible>
		</control>
		<control type="image" id="657">
			<description>WMA STD V2/WMA Codec</description>
			<width>80</width>
			<height>35</height>
			<aspectratio>stretch</aspectratio>
			<texture>flagging/audio/wma.png</texture>
			<!--<fadetime>MediaFlagsCrossfadeTime</fadetime>-->
			<visible>String.Contains(VideoPlayer.AudioCodec,wmav2) | String.Contains(VideoPlayer.AudioCodec,wma)</visible>
		</control>
		<control type="image" id="687">
			<description>WMA Pro Codec</description>
			<width>80</width>
			<height>35</height>
			<aspectratio>stretch</aspectratio>
			<texture>flagging/audio/wmapro.png</texture>
			<!--<fadetime>MediaFlagsCrossfadeTime</fadetime>-->
			<visible>String.Contains(VideoPlayer.AudioCodec,wmapro)</visible>
		</control>
		<control type="image" id="658">
			<description>FLAC Codec</description>
			<width>48</width>
			<height>35</height>
			<aspectratio>stretch</aspectratio>
			<texture>flagging/audio/flac.png</texture>
			<!--<fadetime>MediaFlagsCrossfadeTime</fadetime>-->
			<visible>String.Contains(VideoPlayer.AudioCodec,flac)</visible>
		</control>
		<control type="image" id="659">
			<description>Vorbis Codec</description>
			<width>42</width>
			<height>35</height>
			<aspectratio>stretch</aspectratio>
			<texture>flagging/audio/vorbis.png</texture>
			<!--<fadetime>MediaFlagsCrossfadeTime</fadetime>-->
			<visible>String.Contains(VideoPlayer.AudioCodec,vorbis)</visible>
		</control>
		<control type="image" id="685">
			<description>OGG Codec</description>
			<width>42</width>
			<height>35</height>
			<aspectratio>stretch</aspectratio>
			<texture>flagging/audio/ogg.png</texture>
			<!--<fadetime>MediaFlagsCrossfadeTime</fadetime>-->
			<visible>String.Contains(VideoPlayer.AudioCodec,ogg)</visible>
		</control>
		<control type="image" id="716">
			<description>DTS-HD Master Audio Codec</description>
			<width>66</width>
			<height>35</height>
			<aspectratio>stretch</aspectratio>
			<texture>flagging/audio/dtshd_ma.png</texture>
			<!--<fadetime>MediaFlagsCrossfadeTime</fadetime>-->
			<visible>String.Contains(VideoPlayer.AudioCodec,dtshd_ma)</visible>
		</control>
		<control type="image" id="717">
			<description>DTS-HD High Resolution Audio</description>
			<width>66</width>
			<height>35</height>
			<aspectratio>stretch</aspectratio>
			<texture>flagging/audio/dtshd_hra.png</texture>
			<!--<fadetime>MediaFlagsCrossfadeTime</fadetime>-->
			<visible>String.Contains(VideoPlayer.AudioCodec,dtshd_hra)</visible>
		</control>
		<control type="image" id="660">
			<description>Audio Channels</description>
			<left>-5</left>
			<width>43</width>
			<height>35</height>
			<aspectratio>stretch</aspectratio>
			<texture>flagging/audio/$INFO[VideoPlayer.AudioChannels].png</texture>
			<!--<fadetime>MediaFlagsCrossfadeTime</fadetime>-->
			<visible>!String.IsEmpty(VideoPlayer.AudioCodec)</visible>
		</control>
	</include>
	
	<include name="PlayerAspectMediaFlags">
		<control type="image" id="677">
			<description>Aspect Ratio</description>
			<width>50</width>
			<height>35</height>
			<aspectratio>stretch</aspectratio>
			<texture>flagging/aspectratio/$INFO[VideoPlayer.VideoAspect].png</texture>
			<!--<fadetime>MediaFlagsCrossfadeTime</fadetime>-->
			<visible>!String.IsEmpty(VideoPlayer.VideoAspect)</visible>
		</control>
	</include>
	
	<include name="PlayerRatingMediaFlags">
		<control type="image" id="661">
			<description>Rated General</description>
			<width>26</width>
			<height>35</height>
			<aspectratio>stretch</aspectratio>
			<texture>flagging/ratings/mpaa-general.png</texture>
			<!--<fadetime>MediaFlagsCrossfadeTime</fadetime>-->
			<visible>String.Contains(VideoPlayer.MPAA,Rated G) | String.Contains(VideoPlayer.MPAA,US:G) | String.Contains(VideoPlayer.MPAA,USA:G)</visible>  
		</control>
		<control type="image" id="662">
			<description>Rated PG</description>
			<width>40</width>
			<height>35</height>
			<aspectratio>stretch</aspectratio>
			<texture>flagging/ratings/mpaa-pg.png</texture>
			<!--<fadetime>MediaFlagsCrossfadeTime</fadetime>-->
			<visible>[String.Contains(VideoPlayer.MPAA,Rated PG) + !String.Contains(VideoPlayer.MPAA,Rated PG-13)] | [String.Contains(VideoPlayer.MPAA,US:PG) + !String.Contains(VideoPlayer.MPAA,US:PG-13)] | [String.Contains(VideoPlayer.MPAA,USA:PG) + !String.Contains(VideoPlayer.MPAA,USA:PG-13)]</visible>  
		</control>
		<control type="image" id="663">
			<description>Rated PG-13</description>
			<width>63</width>
			<height>35</height>
			<aspectratio>stretch</aspectratio>
			<texture>flagging/ratings/mpaa-pg13.png</texture>
			<!--<fadetime>MediaFlagsCrossfadeTime</fadetime>-->
			<visible>String.Contains(VideoPlayer.MPAA,Rated PG-13) | String.Contains(VideoPlayer.MPAA,US:PG-13) | String.Contains(VideoPlayer.MPAA,USA:PG-13)</visible>  
		</control>
		<control type="image" id="664">
			<description>Rated R</description>
			<width>34</width>
			<height>35</height>
			<aspectratio>stretch</aspectratio>
			<texture>flagging/ratings/mpaa-restricted.png</texture>
			<!--<fadetime>MediaFlagsCrossfadeTime</fadetime>-->
			<visible>String.Contains(VideoPlayer.MPAA,Rated R) | String.Contains(VideoPlayer.MPAA,US:R) | String.Contains(VideoPlayer.MPAA,USA:R)</visible>  
		</control>
		<control type="image" id="665">
			<description>Rated NC-17</description>
			<width>63</width>
			<height>35</height>
			<aspectratio>stretch</aspectratio>
			<texture>flagging/ratings/mpaa-nc17.png</texture>
			<!--<fadetime>MediaFlagsCrossfadeTime</fadetime>-->
			<visible>String.Contains(VideoPlayer.MPAA,Rated NC-17) | String.Contains(VideoPlayer.MPAA,US:NC-17) | String.Contains(VideoPlayer.MPAA,USA:NC-17)</visible>  
		</control>
		<control type="image" id="709">
			<description>Rated UK U</description>
			<width>27</width>
			<height>35</height>
			<aspectratio>stretch</aspectratio>
			<texture>flagging/ratings/mpaa-uk-u.png</texture>
			<!--<fadetime>MediaFlagsCrossfadeTime</fadetime>-->
			<visible>String.Contains(VideoPlayer.MPAA,UK:U)</visible>  
		</control>
		<control type="image" id="710">
			<description>Rated UK PG</description>
			<width>36</width>
			<height>35</height>
			<aspectratio>stretch</aspectratio>
			<texture>flagging/ratings/mpaa-uk-pg.png</texture>
			<!--<fadetime>MediaFlagsCrossfadeTime</fadetime>-->
			<visible>String.Contains(VideoPlayer.MPAA,UK:PG)</visible>  
		</control>
		<control type="image" id="711">
			<description>Rated UK 12</description>
			<width>32</width>
			<height>35</height>
			<aspectratio>stretch</aspectratio>
			<texture>flagging/ratings/mpaa-uk-12.png</texture>
			<!--<fadetime>MediaFlagsCrossfadeTime</fadetime>-->
			<visible>String.Contains(VideoPlayer.MPAA,UK:12) + !String.Contains(VideoPlayer.MPAA,UK:12a)</visible>  
		</control>
		<control type="image" id="712">
			<description>Rated UK 12A</description>
			<width>43</width>
			<height>35</height>
			<aspectratio>stretch</aspectratio>
			<texture>flagging/ratings/mpaa-uk-12a.png</texture>
			<!--<fadetime>MediaFlagsCrossfadeTime</fadetime>-->
			<visible>String.Contains(VideoPlayer.MPAA,UK:12a)</visible>  
		</control>
		<control type="image" id="713">
			<description>Rated UK 15</description>
			<width>32</width>
			<height>35</height>
			<aspectratio>stretch</aspectratio>
			<texture>flagging/ratings/mpaa-uk-15.png</texture>
			<!--<fadetime>MediaFlagsCrossfadeTime</fadetime>-->
			<visible>String.Contains(VideoPlayer.MPAA,UK:15)</visible>  
		</control>
		<control type="image" id="714">
			<description>Rated UK 18</description>
			<width>32</width>
			<height>35</height>
			<aspectratio>stretch</aspectratio>
			<texture>flagging/ratings/mpaa-uk-18.png</texture>
			<!--<fadetime>MediaFlagsCrossfadeTime</fadetime>-->
			<visible>String.Contains(VideoPlayer.MPAA,UK:18)</visible>  
		</control>
		<control type="image" id="715">
			<description>Rated UK R18</description>
			<width>43</width>
			<height>35</height>
			<aspectratio>stretch</aspectratio>
			<texture>flagging/ratings/mpaa-uk-r18.png</texture>
			<!--<fadetime>MediaFlagsCrossfadeTime</fadetime>-->
			<visible>String.Contains(VideoPlayer.MPAA,UK:R18)</visible>  
		</control>
		<control type="image" id="742">
			<description>Unrated</description>
			<width>44</width>
			<height>35</height>
			<aspectratio>stretch</aspectratio>
			<texture>flagging/ratings/unrated.png</texture>
			<!--<fadetime>MediaFlagsCrossfadeTime</fadetime>-->
			<visible>String.Contains(Player.FilenameAndPath,.unrated)</visible>
		</control>
		<control type="image" id="740">
			<description>No Rating</description>
			<width>44</width>
			<height>35</height>
			<aspectratio>stretch</aspectratio>
			<texture>flagging/ratings/no-rating.png</texture>
			<!--<fadetime>MediaFlagsCrossfadeTime</fadetime>-->
			<visible>String.IsEmpty(VideoPlayer.MPAA) + !String.Contains(Player.FilenameAndPath,.unrated)</visible>  
		</control>
	</include>
</includes>