<?xml version="1.0" encoding="utf-8"?>
<window>
    <defaultcontrol>120</defaultcontrol>
    <coordinates>
        <system>1</system>
        <left>205</left>
        <top>101</top>
    </coordinates>
	
    <controls>
		<control type="group">
			<depth>DepthDialog</depth>
			<include>DialogOpenCloseAnim</include>
			
			<include content="DialogWithCloseBtnLabelID">
				<param name="width" value="870"/>
				<param name="height" value="517" />
				<param name="left" value="810" />
				<param name="labelwidth" value="800" />
				<param name="label" value="" />
				<param name="id" value="100" />
			</include>
			
			<control type="label" id="101">
				<description>Leave translation empty to hide tag type in MyPicsDB</description>
				<left>43</left>
				<top>57</top>
				<width>784</width>
				<align>center</align>
				<include>DialogHeadLabel</include>
			</control>
			
			<!-- ** Required ** Do not change <id> or <type> -->
			<control type="panel" id="120">
				<left>DialogMarginOffsetX</left>
				<top>88</top>
				<width>785</width>
				<height>370</height>
				<pagecontrol>121</pagecontrol>
				<scrolltime>200</scrolltime>
				<onup>120</onup>
				<ondown>102</ondown>
				<onleft>102</onleft>
				<onright>121</onright>
				<itemlayout height="37" width="785">		
					<control type="image">
						<width>785</width>
						<height>35</height>
						<texture border="5">controls/button-nofocus.png</texture>
					</control>					
					<control type="label">
						<left>8</left>
						<width>381</width>
						<height>35</height>
						<font>ButtonFont2</font>
						<textcolor>ButtonColor</textcolor>
						<aligny>center</aligny>
						<info>ListItem.Label</info>
					</control>
					<control type="label">
						<left>397</left>
						<width>380</width>
						<height>35</height>
						<font>ButtonFont2</font>
						<textcolor>ButtonColor</textcolor>
						<aligny>center</aligny>
						<info>ListItem.Label2</info>
					</control>
				</itemlayout>				
				<focusedlayout height="37" width="785">
					<control type="image">
						<width>785</width>
						<height>35</height>
						<texture border="5">controls/button-nofocus.png</texture>
					</control>
					<control type="image">
						<width>785</width>
						<height>35</height>
						<texture border="5">controls/button-focus.png</texture>
						<animation type="Focus" condition="Container(120).OnNext" reversible="false">
							<effect type="Fade" start="40" end="100" time="500" tween="back" easing="in"/>
							<effect type="slide" start="0,-35" time="200" tween="sine" easing="out"/>
						</animation>						
						<animation type="Focus" condition="Container(120).OnPrevious" reversible="false">
							<effect type="Fade" start="40" end="100" time="500" tween="back" easing="in"/>
							<effect type="slide" start="0,35" time="200" tween="sine" easing="out"/>
						</animation>
					</control>					
					<control type="label">
						<left>8</left>
						<width>381</width>
						<height>35</height>
						<font>ButtonFont2</font>
						<textcolor>ButtonFocusColor</textcolor>
						<aligny>center</aligny>
						<info>ListItem.Label</info>
					</control>
					<control type="label">
						<left>397</left>
						<width>380</width>
						<height>35</height>
						<font>ButtonFont2</font>
						<textcolor>ButtonFocusColor</textcolor>
						<aligny>center</aligny>
						<info>ListItem.Label2</info>
					</control>
				</focusedlayout>
			</control>
			
			<control type="group">
				<left>827</left>
				<top>88</top>
				
				<control type="image">
					<width>14</width>
					<height>368</height>
					<texture border="4">controls/scrollbar-background.png</texture>
				</control>
				
				<control type="scrollbar" id="121">
					<height>368</height>
					<texturesliderbackground />
					<onleft>120</onleft>
					<onright>102</onright>
					<ondown>102</ondown>
					<visible>Control.IsVisible(120)</visible>
				</control>
			</control>
			
			<control type="button" id="102">
				<description>Close</description>
				<left>350</left>
				<top>464</top>
				<onup>120</onup>
				<onleft>120</onleft>
				<onright>121</onright>
				<ondown>120</ondown>
				<include>DialogMenuBarBtn</include>
			</control>
		</control>
    </controls>
</window>