<?xml version="1.0" encoding="UTF-8"?>
<window>
	<defaultcontrol always="true">3012</defaultcontrol>
	
	<controls>	
		<control type="group">
			<depth>DepthOSD</depth>
			<left>778</left>
			<top>230</top>
			<include>FSMediaInfoOpenCloseAnim</include>
			
			<control type="image">
				<width>474</width>
				<height>415</height>
				<texture border="8">panels/panel.png</texture>
			</control>
			
			<control type="image">
				<top>4</top>
				<left>4</left>
				<width>466</width>
				<height>30</height>
				<texture border="5">panels/panel-content-border2.png</texture>
				<animation effect="fade" end="5" condition="true">Conditional</animation>
			</control>
			
			<control type="image" id="3008">
				<description>Cover</description>
				<left>4</left>
				<top>37</top>
				<width>466</width>
				<height>262</height>
				<texture diffuse="covers/list-info-2-extrathumbs-diffuse.png"></texture>
				<aspectratio aligny="center" align="center" scalediffuse="false">scale</aspectratio>
			</control>
			
			<control type="image">
				<description>Clear Logo</description>
				<top>239</top>
				<left>335</left>
				<width>129</width>
				<height>50</height>
				<texture background="true">$INFO[Player.Art(tvshow.clearlogo)]</texture>
				<aspectratio aligny="center" align="center">keep</aspectratio>
				<visible>!String.IsEmpty(Player.Art(tvshow.clearlogo))</visible>
			</control>
			
			<control type="button" id="3012">
				<description>Watch Now</description>
				<left>177</left>
				<top>108</top>
				<width>120</width>
				<height>120</height>
				<label />
				<ondown>3013</ondown>
				<onright>3013</onright>
				<onleft>3013</onleft>
				<texturenofocus />
				<texturefocus />
				<pulseonselect>false</pulseonselect>
			</control>
			
			<control type="image">
				<left>177</left>
				<top>108</top>
				<width>120</width>
				<height>120</height>
				<texture colordiffuse="88ffffff">$VAR[NextUpInfoPlayButton]</texture>
				<visible>!Control.HasFocus(3012)</visible>
			</control>
			
			<control type="image">
				<left>177</left>
				<top>108</top>
				<width>120</width>
				<height>120</height>
				<texture colordiffuse="991D76EC">$VAR[NextUpInfoPlayButton]</texture>
				<visible>Control.HasFocus(3012)</visible>
			</control>
			
			<control type="image">
				<left>4</left>
				<top>302</top>
				<width>466</width>
				<height>30</height>
				<texture border="5">panels/panel-content-border2.png</texture>
				<animation effect="fade" end="5" condition="true">Conditional</animation>
			</control>
			
			<control type="image">
				<left>4</left>
				<top>381</top>
				<width>466</width>
				<height>30</height>
				<texture border="5">panels/panel-content-border2.png</texture>
				<animation effect="fade" end="5" condition="true">Conditional</animation>
			</control>

			<control type="group">			
				<left>14</left>
				<top>4</top>
				
				<control type="group">
					<left>1400</left>
					<control type="label" description="episode/season info" id="3002">
					</control>
					<control type="label" description="Title" id="3000">
					</control>
					<control type="label" description="Season Number" id="3015">
					</control>
					<control type="label" description="Episode Number" id="3016">
					</control>
					<control type="label" description="Rating" id="3003">
					</control>
					<control type="label" description="Airdate" id="3004">
					</control>
					<control type="image" id="3006">
						<description>Clearart</description>
					</control>
					<control type="textbox" id="3001">
						<description>Plot</description>
						<font>MediaInfoDescFont</font>
						<textcolor>MediaInfoColor</textcolor>
						<shadowcolor>ShadowColor</shadowcolor>
						<align>justify</align>
						<wrapmultiline>true</wrapmultiline>
						<autoscroll time="2000" delay="6000" repeat="10000">true</autoscroll>
					</control>			
					<control type="image" id="3009">
						<description>Poster</description>
						<height>292</height>
						<width>199</width>
						<texture diffuse="covers/list-info-poster-diffuse.png"></texture>
						<aspectratio scalediffuse="false">scale</aspectratio>
					</control>
					<control type="progress" id="23">
						<description>Progressbar</description>
						<width>412</width>
						<info>Player.Progress</info>
					</control>
				</control>
				
				<control type="label">
					<description>Next Up</description>
					<width>174</width>
					<height>30</height>
					<aligny>center</aligny>
					<font>InfoPaneItemBigFont</font>
					<textcolor>MediaInfoItemColor</textcolor>
					<shadowcolor>ShadowColor</shadowcolor>
					<label>[UPPERCASE]$ADDON[service.nextup.notification 30008]:[/UPPERCASE]</label>
				</control>
				
				<control type="grouplist">
					<description>Time</description>
					<left>174</left>
					<width>272</width>
					<align>right</align>
					<orientation>horizontal</orientation>
					<itemgap>10</itemgap>
					<usecontrolcoords>true</usecontrolcoords>
					<control type="image">
						<width>24</width>
						<height>30</height>	
						<texture>overlays/clock.png</texture>
						<aspectratio>keep</aspectratio>
						<aligny>center</aligny>
					</control>
					<control type="label">
						<left>-2</left>
						<height>30</height>	
						<width min="25" max="250">auto</width>
						<font>InfoPaneItemBigFont</font>
						<textcolor>BreadCrumbColor</textcolor>
						<shadowcolor>ShadowColor</shadowcolor>
						<label>[UPPERCASE]$INFO[System.Time][/UPPERCASE]</label>
						<aligny>center</aligny>
					</control>
				</control>

				<control type="label">
					<description>Title</description>
					<top>298</top>
					<width>446</width>
					<height>30</height>
					<font>InfoPaneItemBigFont</font>
					<textcolor>MediaInfoTitleColor</textcolor>
					<shadowcolor>ShadowColor</shadowcolor>
					<label>[UPPERCASE]$VAR[NextUpEpisodeNumber1]. $INFO[Control.GetLabel(3000)][/UPPERCASE]</label>
					<aligny>center</aligny>
					<scroll>true</scroll>
				</control>
				
				<control type="label">
					<top>335</top>
					<left>64</left>
					<width>150</width>
					<height>35</height>
					<align>center</align>
					<aligny>center</aligny>
					<font>FSInfoTitleFont</font>
					<textcolor>BreadCrumbColor</textcolor>
					<label>$INFO[Player.TimeRemaining(ss)]</label>
				</control>
				
				<control type="button" id="3013">
					<description>Cancel</description>
					<top>335</top>
					<left>224</left>
					<width>150</width>
					<label>222</label>
					<onup>3012</onup>
					<onleft>3012</onleft>
					<onright>3012</onright>
					<pulseonselect>false</pulseonselect>
				</control>
				
				<control type="label">
					<top>377</top>
					<width>438</width>
					<height>30</height>
					<font>FullMediaInfoTaglineFont</font>
					<textcolor>MediaInfoItemColor</textcolor>
					<shadowcolor>ShadowColor</shadowcolor>							
					<label>$ADDON[service.nextup.notification 30007]</label>
					<align>center</align>
					<aligny>center</aligny>
				</control>
			</control>
		</control>
	</controls>
</window>