<?xml version="1.0" encoding="utf-8"?>
<window>
    <defaultcontrol always="true">50111</defaultcontrol>
	<menucontrol>987</menucontrol>
	<onload>Skin.Reset(ExtendedVideoInfo)</onload>
	<onload>Skin.SetString(ExtendedVideoInfo,1)</onload>
	<onunload>Skin.Reset(ExtendedInfoDialog)</onunload>
	<onunload condition="!String.IsEmpty(Skin.String(ExtendedInfoTrailerButton))">Skin.Reset(ExtendedInfoTrailerButton)</onunload>
	<include>ControlsOpenCloseAnim</include>   
    <controls>		
		<control type="group">
			<visible>!Window.IsActive(script-script.extendedinfo-DialogInfo.xml)</visible>
			<include>MediaInfoOpenCloseAnim</include>	
			<control type="group">
				<depth>DepthContent</depth>
				<control type="image">
					<include>BackgroundSize</include>
					<texture background="true">background/background.png</texture>
					<aspectratio>scale</aspectratio>
					<fadetime>FanartCrossfadeTime</fadetime>
				</control>

				<control type="group">	<!-- Common -->	
					<control type="group">	<!-- Background -->	
						<visible>Container.Content(Episodes) | Container.Content(Movies) | Container.Content(TVShows)</visible>
						<left>90</left>
						<top>95</top>
						<control type="image">
							<description>Content Background</description>
							<width>355</width>
							<height>545</height>
							<texture border="4">panels/panel.png</texture>
						</control>
						<control type="image">
							<description>Content Background</description>
							<left>355</left>
							<width>775</width>
							<height>545</height>
							<texture border="4">panels/panel.png</texture>
						</control>
					</control>	

					<control type="group">	<!-- Cover -->
						<left>100</left>
						<top>133</top>					
						<control type="image">
							<description>Default Cover Image Background</description>
							<width>336</width>
							<height>500</height>
							<texture border="4">covers/cover-case2.png</texture>
							<aspectratio>stretch</aspectratio>
							<visible>[!String.IsEqual(Window.Property(type),episode) + String.IsEmpty(Window.Property(Poster))] | [String.IsEqual(Window.Property(type),episode) + String.IsEmpty(Window.Property(thumb))]</visible>
							<animation effect="fade" end="70" condition="true">Conditional</animation>
						</control>
						<control type="image">
							<description>Default Cover Image</description>
							<width>336</width>
							<height>500</height>
							<texture>DefaultVideo.png</texture>
							<bordersize>60</bordersize>
							<aspectratio>keep</aspectratio>
							<visible>[!String.IsEqual(Window.Property(type),episode) + String.IsEmpty(Window.Property(Poster))] | [String.IsEqual(Window.Property(type),episode) + String.IsEmpty(Window.Property(thumb))]</visible>
							<animation effect="fade" end="85" condition="true">Conditional</animation>
						</control>
						<control type="image">
							<description>Poster Image</description>
							<width>336</width>
							<height>500</height>
							<texture>$INFO[Window.Property(Poster)]</texture>
							<bordertexture border="4">covers/cover-case2.png</bordertexture>
							<bordersize>4</bordersize>
							<aspectratio>stretch</aspectratio>
							<visible>!String.IsEmpty(Window.Property(Poster)) + !String.IsEqual(Window.Property(type),episode)</visible>
						</control>
						<control type="image">
							<description>Poster Image</description>
							<top>-55</top>
							<width>336</width>
							<height>336</height>
							<texture>$INFO[Window.Property(thumb)]</texture>
							<bordertexture border="4">covers/cover-case2.png</bordertexture>
							<bordersize>4</bordersize>
							<aspectratio aligny="bottom">keep</aspectratio>
							<visible>!String.IsEmpty(Window.Property(thumb)) + String.IsEqual(Window.Property(type),episode)</visible>
						</control>
					</control>
					<control type="group">	<!-- Year / Imdb / Durée -->
						<visible>Container.Content(Episodes) | Container.Content(Movies) | Container.Content(TVShows)</visible>
						<control type="group">
							<left>100</left>
							<top>75</top>
							<width>336</width>
							<Height>35</Height>
							<control type="label">
								<description>Year</description>
								<width min="25" max="80">auto</width>
								<top>20</top>
								<align>left</align>
								<font>FullMediaInfoTitleFont3</font>
								<textcolor>MediaInfoTitleColor</textcolor>
								<shadowcolor>ShadowColor</shadowcolor>
								<label>[UPPERCASE]$INFO[Window.Property(Year)][/UPPERCASE]</label>
								<aligny>top</aligny>
							</control>
							<control type="image">
								<description>IMDB Image</description>
								<top>27</top>
								<left>128</left>
								<align>left</align>
								<height>30</height>
								<width>30</width>
								<texture background="true">overlays/imdb.png</texture>
							</control>
							<control type="label">
								<description>IMDB value</description>
								<width min="5" max="50">auto</width>
								<left>165</left>
								<top>23</top>
								<font>FSInfoTitleFont</font>
								<textcolor>InfoPaneColor</textcolor>
								<shadowcolor>ShadowColor</shadowcolor>
								<scroll>no</scroll>
								<scrollsuffix> - </scrollsuffix>
								<include>InfoPaneLabelFadeAnim</include>
								<label>$INFO[Window.Property(Rating)]</label>
							</control>
							<control type="image">
								<top>29</top>
								<left>110r</left>
								<align>left</align>
								<height>24</height>
								<width>24</width>
								<texture background="true">overlays/clock.png</texture>
								<visible>!String.IsEqual(Window.Property(duration),0)</visible>
							</control>
							<control type="label">
								<description>Duration Value</description>
								<width min="25" max="80">auto</width>
								<left>80r</left>
								<top>23</top>
								<font>FSInfoTitleFont</font>
								<textcolor>InfoPaneColor</textcolor>
								<shadowcolor>ShadowColor</shadowcolor>
								<scroll>no</scroll>
								<scrollsuffix> - </scrollsuffix>
								<include>InfoPaneLabelFadeAnim</include>
								<label>$VAR[DurationVar]</label> 
								<visible>!String.IsEqual(Window.Property(duration),0)</visible>
							</control>						
						</control>
					</control>
					<control type="group">	<!-- Titres & Genres -->
						<left>470</left>
						<top>85</top>
						<control type="image">
							<top>8</top>
							<width>710</width>
							<height>85</height>
							<align>center</align>
							<texture background="true">$INFO[ListItem.Art(clearlogo)]</texture>
							<aspectratio>keep</aspectratio>
							<visible>!String.IsEmpty(Window.Property(clearlogo)) + String.IsEmpty(Window.Property(TagLine))</visible>
						</control>
						
						<control type="image">
							<top>8</top>
							<width>710</width>
							<height>63</height>
							<align>center</align>
							<texture background="true">$INFO[ListItem.Art(clearlogo)]</texture>
							<aspectratio>keep</aspectratio>
							<visible>!String.IsEmpty(Window.Property(clearlogo)) + !String.IsEmpty(Window.Property(TagLine))</visible>
						</control>

						<control type="label">
							<description>Title</description>
							<top>10</top>
							<description>Title</description>
							<width>710</width>
							<align>center</align>
							<font>FullMediaInfoTitleFont3</font>
							<textcolor>MediaInfoTitleColor</textcolor>
							<shadowcolor>ShadowColor</shadowcolor>
							<label>[UPPERCASE]$INFO[Window.Property(Title)][/UPPERCASE]</label>
							<scroll>true</scroll>
							<animation effect="slide" end="0,22" condition="String.IsEmpty(Window.Property(TagLine))">Conditional</animation>
							<visible>String.IsEmpty(Window.Property(clearlogo))</visible>
						</control>
						
						<control type="label">
							<description>Tagline</description>
							<top>56</top>
							<width>710</width>
							<font>ListFontSize14</font>
							<textcolor>MediaInfoTitleColor2</textcolor>
							<shadowcolor>ShadowColor</shadowcolor>
							<align>center</align>
							<label>$INFO[Window.Property(OriginalTitle)]</label>						
							<scroll>true</scroll>
							<visible>!String.IsEmpty(Window.Property(OriginalTitle))</visible>
						</control>
						
						<control type="image">
							<top>80</top>
							<width>710</width>
							<height>2</height>
							<animation effect="fade" end="30" condition="true">Conditional</animation>
							<texture>views/videoinfo-separator.png</texture>
						</control>
					</control>
				</control>
				
				<control type="group" id="50111">	<!-- Movie  ExtendedVideoInfo,1 -->
					<visible>Skin.String(ExtendedVideoInfo,1) + !String.IsEqual(Window.Property(type),episode)</visible>					
					<control type="textbox" id="800">
						<description>Plot</description>
						<left>470</left>
						<top>179</top>
						<width>710</width>
						<height>249</height>
						<font>FullMediaInfoDescFont</font>
						<textcolor>MediaInfoColor</textcolor>
						<shadowcolor>ShadowColor</shadowcolor>
						<align>justify</align>
						<label fallback="31203">$VAR[ExtendedInfoDescription]</label>
						<pagecontrol>61</pagecontrol>
						<autoscroll time="2000" delay="6000" repeat="10000">true</autoscroll>
					</control>
					<control type="panel" id="1000">						
						<description>Cast</description>
						<scrolltime>200</scrolltime>
						<pagecontrol>61</pagecontrol>
						<onleft>987</onleft>
						<onup>987</onup>
						<ondown condition="Control.IsVisible(61)">61</ondown>	
						<onright condition="Control.IsVisible(61)">61</onright>
						<left>469</left>
						<top>430</top>
						<width>715</width>
						<height>205</height>
						<onup>901</onup>
						<orientation>horizontal</orientation>
						<itemlayout height="205" width="143">		
							<control type="image">
								<width>140</width>
								<height>174</height>
								<bordertexture border="4">covers/cover-case2.png</bordertexture>
								<bordersize>4</bordersize>
								<aspectratio align="center" aligny="center">scale</aspectratio>
								<texture background="true">$INFO[ListItem.Thumb]</texture>
							</control>
							<control type="image">
								<width>140</width>
								<height>174</height>
								<texture border="4">covers/cover-case2.png</texture>
								<visible>String.IsEmpty(ListItem.Thumb)</visible>
							</control>
							<control type="image">
								<top>6</top>
								<width>140</width>
								<height>140</height>
								<texture background="true">DefaultActor.png</texture>
								<aspectratio align="center" aligny="top">keep</aspectratio>
								<visible>String.IsEmpty(ListItem.Thumb)</visible>
							</control>
							<control type="image">
								<left>10</left>
								<top>139</top>
								<width>120</width>
								<height>27</height>
								<texture border="8">views/genre-background.png</texture>
								<visible>!String.IsEmpty(ListItem.Label)</visible>
							</control>
							<control type="label">
								<left>15</left>
								<top>143</top>
								<width>110</width>
								<align>center</align>
								<font>SubMenuArrowFont</font>
								<textcolor>WhiteColor</textcolor>
								<shadowcolor>ShadowColor</shadowcolor>
								<label>$INFO[ListItem.Label]</label>
								<visible>!String.IsEmpty(ListItem.Label)</visible>
							</control>
							<control type="textbox">
								<top>174</top>
								<left>4</left>
								<width>132</width>
								<height>34</height>
								<align>center</align>
								<font>SubMenuArrowFont</font>
								<textcolor>MediaInfoItemColor2</textcolor>
								<label>$INFO[ListItem.Property(character),$LOCALIZE[20347] ,]</label>
							</control>
						</itemlayout>				
						<focusedlayout height="205" width="143">
							<control type="group">
								<include>ListViewCoverFocusAnim</include>
								<control type="image">
									<width>140</width>
									<height>174</height>
									<texture border="4">covers/cover-case-noshadow-focus.png</texture>
									<include>ListViewOverlayFadeAnim</include>
								</control>
								<control type="image">
									<width>140</width>
									<height>174</height>
									<texture border="4">background/black.png</texture>
									<bordersize>3</bordersize>
									<visible>String.IsEmpty(ListItem.Thumb)</visible>
								</control>
								<control type="image">
									<top>6</top>
									<width>140</width>
									<height>140</height>
									<texture background="true">DefaultActor.png</texture>
									<aspectratio align="center" aligny="top">keep</aspectratio>
									<visible>String.IsEmpty(ListItem.Thumb)</visible>
								</control>
								<control type="image">
									<top>2</top>
									<left>2</left>
									<width>136</width>
									<height>170</height>
									<bordertexture border="4">background/black.png</bordertexture>
									<bordersize>2</bordersize>
									<aspectratio align="center" aligny="center">scale</aspectratio>
									<texture background="true">$INFO[ListItem.Thumb]</texture>
								</control>
								<control type="image">
									<left>10</left>
									<top>139</top>
									<width>120</width>
									<height>27</height>
									<texture border="8">views/genre-background.png</texture>
									<visible>!String.IsEmpty(ListItem.Label)</visible>
								</control>
								<control type="label">
									<left>15</left>
									<top>143</top>
									<width>110</width>
									<align>center</align>
									<font>SubMenuArrowFont</font>
									<textcolor>SelectedColor2</textcolor>
									<shadowcolor>ShadowColor</shadowcolor>
									<label>$INFO[ListItem.Label]</label>
									<visible>!String.IsEmpty(ListItem.Label)</visible>
								</control>
							</control>
							<control type="textbox">
								<top>174</top>
								<left>4</left>
								<width>132</width>
								<height>34</height>
								<align>center</align>
								<font>SubMenuArrowFont</font>
								<textcolor>MediaInfoItemColor2</textcolor>
								<label>$INFO[ListItem.Property(character),$LOCALIZE[20347] ,]</label>
								<autoscroll time="2000" delay="2000" repeat="10000">true</autoscroll>
							</control>
						</focusedlayout>
					</control>
				</control>

				<control type="group" id="54111"> 	<!-- none  ExtendedVideoInfo,99 -->
					<visible>Skin.String(ExtendedVideoInfo,99)</visible>
					<control type="button" id="150">noop</control>
					<control type="button" id="450">noop</control>
					<control type="button" id="550">noop</control>
					<control type="button" id="650">noop</control>
					<control type="button" id="750">noop</control>
					<control type="button" id="850">noop</control>
					<control type="button" id="950">noop</control>
					<control type="button" id="1050">noop</control>
				</control>


				
				<control type="group">	<!-- Poster  ExtendedVideoInfo,2 -->
					<visible>Skin.String(ExtendedVideoInfo,2)</visible>
					<left>470</left>
					<top>99</top>					
					<control type="label">
						<description>Poster Images</description>
						<top>87</top>
						<width>710</width>
						<align>center</align>
						<font>FullMediaInfoTitleFont2</font>
						<textcolor>MediaInfoTitleColor2</textcolor>
						<shadowcolor>ShadowColor</shadowcolor>
						<label fallback="31000">[UPPERCASE]$INFO[Container(1250).NumItems,$LOCALIZE[31503] (,)][/UPPERCASE]</label>
					</control>
					<control type="panel" id="1250">
						<top>128</top>
						<width>730</width>
						<height>412</height>
						<onup>987</onup>
						<ondown condition="Control.IsVisible(61)">61</ondown>
						<onleft>987</onleft>
						<onright condition="Control.IsVisible(61)">61</onright>
						<pagecontrol>61</pagecontrol>
						<itemlayout width="143" height="206">
							<control type="image">
								<width>138</width>
								<height>201</height>
								<bordertexture border="4">covers/cover-case2.png</bordertexture>
								<bordersize>4</bordersize>
								<aspectratio align="center" aligny="center">scale</aspectratio>
								<texture background="true" fallback="DefaultActor.png">$INFO[ListItem.Thumb]</texture>
							</control>
						</itemlayout>	
						<focusedlayout width="143" height="206">
							<control type="group">
								<include>ListViewCoverFocusAnim</include>
								<control type="image">
									<width>138</width>
									<height>201</height>
									<texture border="4">covers/cover-case-noshadow-focus.png</texture>
									<include>ListViewOverlayFadeAnim</include>
								</control>
								<control type="image">
									<width>138</width>
									<height>201</height>
									<texture border="4">background/black.png</texture>
									<bordersize>3</bordersize>
								</control>
								<control type="image">
									<width>138</width>
									<height>201</height>
									<bordersize>4</bordersize>
									<aspectratio align="center" aligny="center">scale</aspectratio>
									<texture background="true" fallback="DefaultActor.png">$INFO[ListItem.Thumb]</texture>
								</control>
							</control>
						</focusedlayout>
					</control>
				</control>
				
				<control type="group">	<!-- Fanart  ExtendedVideoInfo,3 -->
					<visible>Skin.String(ExtendedVideoInfo,3)</visible>
					<left>470</left>
					<top>99</top>
					<control type="label">
						<description>Fanart Images</description>
						<top>87</top>
						<width>710</width>
						<align>center</align>
						<font>FullMediaInfoTitleFont2</font>
						<textcolor>MediaInfoTitleColor2</textcolor>
						<shadowcolor>ShadowColor</shadowcolor>
						<label fallback="31000">[UPPERCASE]$INFO[Container(1350).NumItems,$LOCALIZE[20445] (,)][/UPPERCASE]</label>
					</control>
					<control type="panel" id="1350">
						<top>128</top>
						<width>730</width>
						<height>412</height>
						<onup>987</onup>
						<ondown condition="Control.IsVisible(61)">61</ondown>
						<onleft>987</onleft>
						<onright condition="Control.IsVisible(61)">61</onright>
						<pagecontrol>61</pagecontrol>
						<itemlayout width="357" height="206">
							<control type="image">
								<width>352</width>
								<height>201</height>
								<bordertexture border="4">covers/cover-case2.png</bordertexture>
								<bordersize>4</bordersize>
								<aspectratio align="center" aligny="center">scale</aspectratio>
								<texture background="true" fallback="DefaultActor.png">$INFO[ListItem.Thumb]</texture>
							</control>
						</itemlayout>	
						<focusedlayout width="357" height="206">
							<control type="group">
								<include>ListViewCoverFocusAnim</include>
								<control type="image">
									<width>352</width>
									<height>201</height>
									<texture border="4">covers/cover-case-noshadow-focus.png</texture>
									<include>ListViewOverlayFadeAnim</include>
								</control>
								<control type="image">
									<width>352</width>
									<height>201</height>
									<texture border="4">background/black.png</texture>
									<bordersize>3</bordersize>
								</control>
								<control type="image">
									<width>352</width>
									<height>201</height>
									<bordersize>4</bordersize>
									<aspectratio align="center" aligny="center">scale</aspectratio>
									<texture background="true" fallback="DefaultActor.png">$INFO[ListItem.Thumb]</texture>
								</control>
							</control>
						</focusedlayout>
					</control>
				</control>
				
				<control type="group">	<!-- Videos  ExtendedVideoInfo,4 -->
					<visible>Skin.String(ExtendedVideoInfo,4)</visible>
					<left>470</left>
					<top>99</top>
					<control type="label">
						<description>Official Videos</description>
						<top>87</top>
						<width>710</width>
						<align>center</align>
						<font>FullMediaInfoTitleFont2</font>
						<textcolor>MediaInfoTitleColor2</textcolor>
						<shadowcolor>ShadowColor</shadowcolor>
						<label fallback="31000">[UPPERCASE]$INFO[Container(1150).NumItems,, $ADDON[script.extendedinfo 32117]][/UPPERCASE]</label>
					</control>
					<control type="panel" id="1150">
						<top>128</top>
						<width>730</width>
						<height>411</height>
						<onup>987</onup>
						<ondown condition="Control.IsVisible(61)">61</ondown>
						<onleft>987</onleft>
						<onright condition="Control.IsVisible(61)">61</onright>
						<pagecontrol>61</pagecontrol>
						<itemlayout width="238" height="137">
							<control type="image">
								<width>233</width>
								<height>132</height>
								<bordertexture border="4">covers/cover-case2.png</bordertexture>
								<bordersize>4</bordersize>
								<aspectratio align="center" aligny="center">scale</aspectratio>
								<texture background="true" fallback="DefaultVideo.png">$INFO[ListItem.Art(thumb)]</texture>
							</control>
						</itemlayout>	
						<focusedlayout width="238" height="137">
							<control type="group">
								<include>ListViewCoverFocusAnim</include>
								<control type="image">
									<width>233</width>
									<height>132</height>
									<texture border="4">covers/cover-case-noshadow-focus.png</texture>
									<include>ListViewOverlayFadeAnim</include>
								</control>
								<control type="image">
									<width>233</width>
									<height>132</height>
									<texture border="4">background/black.png</texture>
									<bordersize>3</bordersize>
								</control>
								<control type="image">
									<width>233</width>
									<height>132</height>
									<bordersize>4</bordersize>
									<aspectratio align="center" aligny="center">scale</aspectratio>
									<texture background="true" fallback="DefaultVideo.png">$INFO[ListItem.Art(thumb)]</texture>
								</control>
							</control>
						</focusedlayout>
					</control>
				</control>
				
				<control type="group">	<!-- Youtube Videos  ExtendedVideoInfo,5 -->
					<visible>Skin.String(ExtendedVideoInfo,5)</visible>
					<left>470</left>
					<top>99</top>
					<control type="label">
						<description>Youtube Videos</description>
						<top>87</top>
						<width>710</width>
						<align>center</align>
						<font>FullMediaInfoTitleFont2</font>
						<textcolor>MediaInfoTitleColor2</textcolor>
						<shadowcolor>ShadowColor</shadowcolor>
						<label fallback="31000">[UPPERCASE]$INFO[Container(350).NumItems,, $ADDON[script.extendedinfo 32118]][/UPPERCASE]</label>
					</control>
					
					<control type="panel" id="350">
						<top>128</top>
						<width>730</width>
						<height>411</height>
						<onup>987</onup>
						<ondown condition="Control.IsVisible(61)">61</ondown>
						<onleft>987</onleft>
						<onright condition="Control.IsVisible(61)">61</onright>
						<pagecontrol>61</pagecontrol>
						<itemlayout width="238" height="137">
							<control type="image">
								<width>233</width>
								<height>132</height>
								<bordertexture border="4">covers/cover-case2.png</bordertexture>
								<bordersize>4</bordersize>
								<aspectratio align="center" aligny="center">scale</aspectratio>
								<texture background="true" fallback="DefaultVideo.png">$INFO[ListItem.Art(thumb)]</texture>
							</control>
						</itemlayout>	
						<focusedlayout width="238" height="137">
							<control type="group">
								<include>ListViewCoverFocusAnim</include>
								<control type="image">
									<width>233</width>
									<height>132</height>
									<texture border="4">covers/cover-case-noshadow-focus.png</texture>
									<include>ListViewOverlayFadeAnim</include>
								</control>
								<control type="image">
									<width>233</width>
									<height>132</height>
									<texture border="4">background/black.png</texture>
									<bordersize>3</bordersize>
								</control>
								<control type="image">
									<width>233</width>
									<height>132</height>
									<bordersize>4</bordersize>
									<aspectratio align="center" aligny="center">scale</aspectratio>
									<texture background="true" fallback="DefaultVideo.png">$INFO[ListItem.Art(thumb)]</texture>
								</control>
							</control>
						</focusedlayout>
					</control>
				</control>
				
				<control type="group" id="50113">	<!-- Movie Set / Seasons  ExtendedVideoInfo,13 -->
					<visible>Skin.String(ExtendedVideoInfo,13)</visible>
					<left>470</left>
					<top>99</top>
					<control type="label">
						<description>Movie Set / Seasons</description>
						<top>87</top>
						<width>710</width>
						<align>center</align>
						<font>FullMediaInfoTitleFont2</font>
						<textcolor>MediaInfoTitleColor2</textcolor>
						<shadowcolor>ShadowColor</shadowcolor>
						<label fallback="31000">[UPPERCASE]$VAR[ExtendedInfoContainer250Label2][/UPPERCASE]</label>
					</control>
					
					<control type="image">
						<top>149</top>
						<width>433</width>
						<height>2</height>
						<animation effect="fade" end="30" condition="true">Conditional</animation>
						<texture>views/videoinfo-separator.png</texture>
					</control>
					
					<control type="list" id="250">
						<left>-5</left>
						<top>151</top>
						<width>443</width>
						<height>360</height>
						<onup>987</onup>
						<ondown condition="Control.IsVisible(61)">61</ondown>
						<onleft>987</onleft>
						<onright condition="Control.IsVisible(61)">61</onright>
						<pagecontrol>61</pagecontrol>
						<itemlayout width="443" height="30">
							<control type="image">
								<top>28</top>
								<left>5</left>
								<width>433</width>
								<height>2</height>
								<animation effect="fade" end="30" condition="true">Conditional</animation>
								<texture>views/videoinfo-separator.png</texture>
							</control>
							<control type="label">
								<left>5</left>
								<width>343</width>
								<height>30</height>
								<font>FullMediaInfoFont</font>
								<aligny>center</aligny>
								<textcolor>MediaInfoItemColor</textcolor>
								<shadowcolor>ShadowColor</shadowcolor>
								<label>[UPPERCASE]$INFO[ListItem.Label][/UPPERCASE]</label>
							</control>
							<control type="label">
								<left>353</left>
								<width>533</width>
								<height>30</height>
								<font>FullMediaInfoFont2</font>
								<aligny>center</aligny>
								<textcolor>MediaInfoItemColor2</textcolor>
								<shadowcolor>ShadowColor</shadowcolor>
								<label fallback="31001">$INFO[ListItem.Year]</label>
							</control>
							<control type="image">
								<left>407</left>
								<width>24</width>
								<height>30</height>
								<aligny>center</aligny>
								<texture>OverlayClean.png</texture>
								<aspectratio>keep</aspectratio>
								<visible>!String.IsEmpty(ListItem.dbid)</visible>
							</control>
							<control type="label">
								<left>407</left>
								<width>24</width>
								<height>30</height>
								<font>ListFontSize10</font>
								<textcolor>ListColor</textcolor>
								<align>center</align>
								<aligny>center</aligny>
								<label>$LOCALIZE[31007]</label>
								<visible>!String.IsEmpty(ListItem.dbid)</visible>
							</control>
						</itemlayout>	
						<focusedlayout width="443" height="30">
							<control type="image">
								<top>28</top>
								<left>5</left>
								<width>433</width>
								<height>2</height>
								<animation effect="fade" end="30" condition="true">Conditional</animation>
								<texture>views/videoinfo-separator.png</texture>
							</control>
							<control type="image">
								<width>443</width>
								<height>30</height>	
								<texture border="4">views/list-focus.png</texture>
								<aspectratio>stretch</aspectratio>
								<visible>Control.HasFocus(250)</visible>
								<include>ListViewSelectFadeAnim</include>
								<animation effect="slide" start="0,-30" time="200" tween="quadratic" easing="out" reversible="false" condition="Container(250).OnNext">Focus</animation>
								<animation effect="slide" start="0,30" time="200" tween="quadratic" easing="out" reversible="false" condition="Container(250).OnPrevious">Focus</animation>
							</control>
							<control type="label">
								<left>5</left>
								<width>343</width>
								<height>30</height>
								<font>FullMediaInfoFont</font>
								<aligny>center</aligny>
								<textcolor>MediaInfoItemColor</textcolor>
								<shadowcolor>ShadowColor</shadowcolor>
								<label>[UPPERCASE]$INFO[ListItem.Label][/UPPERCASE]</label>
							</control>
							<control type="label">
								<left>353</left>
								<width>533</width>
								<height>30</height>
								<font>FullMediaInfoFont2</font>
								<aligny>center</aligny>
								<textcolor>MediaInfoItemColor2</textcolor>
								<shadowcolor>ShadowColor</shadowcolor>
								<label fallback="31001">$INFO[ListItem.Year]</label>
							</control>
							<control type="image">
								<left>407</left>
								<width>24</width>
								<height>30</height>
								<aligny>center</aligny>
								<texture>OverlayClean.png</texture>
								<aspectratio>keep</aspectratio>
								<visible>!String.IsEmpty(ListItem.dbid)</visible>
							</control>
							<control type="label">
								<left>407</left>
								<width>24</width>
								<height>30</height>
								<font>ListFontSize10</font>
								<textcolor>ListColor</textcolor>
								<align>center</align>
								<aligny>center</aligny>
								<label>$LOCALIZE[31007]</label>
								<visible>!String.IsEmpty(ListItem.dbid)</visible>
							</control>
						</focusedlayout>
					</control>
					
					<control type="group">
						<left>466</left>
						<top>149</top>
						<control type="image">
							<description>Default Cover Image Background</description>
							<width>245</width>
							<height>363</height>
							<texture border="4">covers/cover-case2.png</texture>
							<aspectratio>stretch</aspectratio>
							<animation effect="fade" end="70" condition="true">Conditional</animation>							
							<visible>Skin.String(ExtendedVideoInfo,13) + String.IsEmpty(Container(250).ListItem.Thumb)</visible>
						</control>
						
						<control type="image">
							<description>Default Cover Image</description>
							<width>245</width>
							<height>363</height>
							<texture>DefaultVideo.png</texture>
							<bordersize>20</bordersize>
							<aspectratio>keep</aspectratio>
							<animation effect="fade" end="85" condition="true">Conditional</animation>							
							<visible>Skin.String(ExtendedVideoInfo,13) + String.IsEmpty(Container(250).ListItem.Thumb)</visible>
						</control>
						
						<control type="image">
							<description>Thumb</description>
							<width>245</width>
							<height>363</height>
							<texture>$INFO[Container(250).ListItem.Thumb]</texture>
							<bordertexture border="4">covers/cover-case2.png</bordertexture>
							<bordersize>4</bordersize>
							<aspectratio>scale</aspectratio>
							
							<fadetime>IconCrossfadeTime</fadetime>
							<visible>Skin.String(ExtendedVideoInfo,13) + !String.IsEmpty(Container(250).ListItem.Thumb)</visible>
						</control>
					</control>
				</control>
				
				<control type="group">
					<visible>Skin.String(ExtendedVideoInfo,15) | String.IsEqual(Window.Property(type),episode)</visible>					

					<left>470</left>
					<top>99</top>
					<control type="label">
						<description>Episodes</description>
						<top>87</top>
						<width>710</width>
						<align>center</align>
						<font>FullMediaInfoTitleFont2</font>
						<textcolor>MediaInfoTitleColor2</textcolor>
						<shadowcolor>ShadowColor</shadowcolor>
						<label fallback="31000">[UPPERCASE]$INFO[Container(2000).NumItems,, $LOCALIZE[20360]][/UPPERCASE]</label>
					</control>
					
					<control type="panel" id="2000">
						<top>128</top>
						<width>730</width>
						<height>412</height>
						<onup>987</onup>
						<ondown condition="Control.IsVisible(61)">61</ondown>
						<onleft>987</onleft>
						<onright condition="Control.IsVisible(61)">61</onright>
						<pagecontrol>61</pagecontrol>
						<itemlayout width="357" height="206">
							<control type="image">
								<width>352</width>
								<height>201</height>
								<bordertexture border="4">covers/cover-case2.png</bordertexture>
								<bordersize>4</bordersize>
								<aspectratio align="center" aligny="center">scale</aspectratio>
								<texture background="true">$INFO[ListItem.Thumb]</texture>
								<visible>!String.IsEmpty(ListItem.Thumb)</visible>
							</control>
							<control type="image">
								<width>352</width>
								<height>201</height>
								<texture border="4">covers/cover-case2.png</texture>
								<visible>String.IsEmpty(ListItem.Thumb)</visible>
							</control>
							<control type="image">
								<width>340</width>
								<height>180</height>
								<aspectratio align="center" aligny="top">keep</aspectratio>
								<texture>DefaultMovies.png</texture>
								<visible>String.IsEmpty(ListItem.Thumb)</visible>
							</control>
							<control type="image">
								<left>10</left>
								<top>166</top>
								<width>332</width>
								<height>27</height>
								<texture border="8">views/genre-background.png</texture>
								<visible>!String.IsEmpty(ListItem.Label)</visible>
							</control>
							<control type="label">
								<left>15</left>
								<top>170</top>
								<width>322</width>
								<align>center</align>
								<font>SubMenuArrowFont</font>
								<textcolor>WhiteColor</textcolor>
								<shadowcolor>ShadowColor</shadowcolor>
								<label>$INFO[ListItem.Episode]$INFO[ListItem.Label,. ,]</label>
								<visible>!String.IsEmpty(ListItem.Label)</visible>
							</control>
						</itemlayout>	
						<focusedlayout width="357" height="206">
							<control type="group">
								<include>ListViewCoverFocusAnim</include>
								<control type="image">
									<width>352</width>
									<height>201</height>
									<texture border="4">covers/cover-case-noshadow-focus.png</texture>
									<include>ListViewOverlayFadeAnim</include>
								</control>
								<control type="image">
									<width>352</width>
									<height>201</height>
									<texture border="4">background/black.png</texture>
									<bordersize>3</bordersize>
								</control>
								<control type="image">
									<width>352</width>
									<height>201</height>
									<bordersize>4</bordersize>
									<aspectratio align="center" aligny="center">scale</aspectratio>
									<texture background="true">$INFO[ListItem.Thumb]</texture>
									<visible>!String.IsEmpty(ListItem.Thumb)</visible>
								</control>
								<control type="image">
									<width>340</width>
									<height>180</height>
									<aspectratio align="center" aligny="top">keep</aspectratio>
									<texture>DefaultMovies.png</texture>
									<visible>String.IsEmpty(ListItem.Thumb)</visible>
								</control>
								<control type="image">
									<left>10</left>
									<top>166</top>
									<width>332</width>
									<height>27</height>
									<texture border="8">views/genre-background.png</texture>
									<visible>!String.IsEmpty(ListItem.Label)</visible>
								</control>
								<control type="label">
									<left>15</left>
									<top>170</top>
									<width>322</width>
									<align>center</align>
									<font>SubMenuArrowFont</font>
									<textcolor>SelectedColor2</textcolor>
									<shadowcolor>ShadowColor</shadowcolor>
									<label>$INFO[ListItem.Episode]$INFO[ListItem.Label,: ,]</label>
									<visible>!String.IsEmpty(ListItem.Label)</visible>
								</control>
							</control>
						</focusedlayout>
					</control>
				</control>
				
				<control type="spincontrol" id="61">
					<description>Next Page</description>
					<left>1125</left>
					<top>645</top>
					<width>28</width>
					<height>28</height>
					<spinwidth>30</spinwidth>
					<spinheight>30</spinheight>
					<onup condition="String.IsEmpty(Skin.String(ExtendedVideoInfo))">901</onup>
					<onup condition="Skin.String(ExtendedVideoInfo,1)">1000</onup>
					<onup condition="Skin.String(ExtendedVideoInfo,2)">750</onup>
					<onup condition="Skin.String(ExtendedVideoInfo,3)">150</onup>
					<onup condition="Skin.String(ExtendedVideoInfo,4)">450</onup>
					<onup condition="Skin.String(ExtendedVideoInfo,5)">1250</onup>
					<onup condition="Skin.String(ExtendedVideoInfo,6)">250</onup>
					<onup condition="Skin.String(ExtendedVideoInfo,7)">650</onup>
					<onup condition="Skin.String(ExtendedVideoInfo,8)">2000</onup>
					<onup condition="String.IsEmpty(Skin.String(ExtendedVideoInfo))">901</onup>
					<onleft condition="Skin.String(ExtendedVideoInfo,1)">1000</onleft>
					<onleft condition="Skin.String(ExtendedVideoInfo,2)">750</onleft>
					<onleft condition="Skin.String(ExtendedVideoInfo,3)">150</onleft>
					<onleft condition="Skin.String(ExtendedVideoInfo,4)">450</onleft>
					<onleft condition="Skin.String(ExtendedVideoInfo,5)">1250</onleft>
					<onleft condition="Skin.String(ExtendedVideoInfo,6)">250</onleft>
					<onleft condition="Skin.String(ExtendedVideoInfo,7)">650</onleft>
					<onleft condition="Skin.String(ExtendedVideoInfo,8)">2000</onleft>
					<onleft condition="String.IsEmpty(Skin.String(ExtendedVideoInfo))">901</onleft>
					<include>NotificationsOpenCloseAnim</include>
					<visible>[Integer.IsGreater(Container(800).NumPages,1) + String.IsEmpty(Skin.String(ExtendedVideoInfo))] | [Integer.IsGreater(Container(750).NumPages,1) + Skin.String(ExtendedVideoInfo,2)] | [Integer.IsGreater(Container(1000).NumPages,1) + Skin.String(ExtendedVideoInfo,1)] | [Integer.IsGreater(Container(150).NumPages,1) + Skin.String(ExtendedVideoInfo,3)] | [Integer.IsGreater(Container(1250).NumPages,1) + Skin.String(ExtendedVideoInfo,5)] | [Integer.IsGreater(Container(250).NumPages,1) + Skin.String(ExtendedVideoInfo,6)] | [Integer.IsGreater(Container(650).NumPages,1) + Skin.String(ExtendedVideoInfo,7)] | [Integer.IsGreater(Container(2000).NumPages,1) + Skin.String(ExtendedVideoInfo,8)]</visible>
				</control>
				
				<control type="image">
					<include>ScreenSize</include>
					<texture>background/dim.png</texture>
					<animation effect="fade" start="0" end="50" time="450">VisibleChange</animation>
					<visible>Skin.String(ExtendedInfoDialog,1) | Skin.String(ExtendedInfoDialog,2) | Skin.String(ExtendedInfoDialog,3)</visible>
				</control>
			</control>
			
			<control type="group">
				<visible>Skin.String(ExtendedInfoDialog,1)</visible>
				<depth>DepthMenuBar</depth>
				<animation effect="slide" end="80,0" condition="Control.IsVisible(8) | Control.IsVisible(120)" >Conditional</animation>
				<animation effect="slide" end="80,0" condition="Control.IsVisible(9)" >Conditional</animation>
				<animation effect="slide" end="-80,0" condition="Control.IsVisible(100)" >Conditional</animation>
				<animation effect="slide" end="80,0" condition="!Control.IsVisible(126)" >Conditional</animation>
				<animation type="Visible">
					<effect type="fade" end="100" time="200"/>
					<effect type="slide" start="0,-10" time="300" tween="cubic" easing="out"/>
				</animation>	
				<animation type="Hidden">
					<effect type="fade" end="0" time="150"/>
					<effect type="slide" end="0,-10" time="250" tween="cubic" easing="out"/>
				</animation>
				
				<control type="button">
					<include>ScreenSize</include>
					<texturenofocus />
					<texturefocus />
					<onclick>Skin.Reset(ExtendedInfoDialog)</onclick>
					<onclick>Control.SetFocus(124)</onclick>
				</control>
				
				<control type="grouplist" id="200">
					<left>395</left>
					<top>80</top>
					<width>173</width>
					<itemgap>0</itemgap>
					<orientation>vertical</orientation>
					<onup>Skin.Reset(ExtendedInfoDialog)</onup>
					<onup>Control.SetFocus(124)</onup>
					<ondown>200</ondown>
					<onleft>Skin.Reset(ExtendedInfoDialog)</onleft>
					<onleft>Control.SetFocus(124)</onleft>
					<onright>Skin.Reset(ExtendedInfoDialog)</onright>
					<onright>Control.SetFocus(124)</onright>
					<onback>Skin.Reset(ExtendedInfoDialog)</onback>
					<onback>Control.SetFocus(124)</onback>
					<control type="image" id="175">
						<width>173</width>
						<include>DropDownMenuTopBorder</include>
					</control>
					<control type="button" id="6001">
						<description>Your Rating</description>
						<width>173</width>
						<include>DropDownMenuBtn</include>
						<onclick>Skin.Reset(ExtendedInfoDialog)</onclick>
						<onclick>Control.SetFocus(124)</onclick>
						<label>$ADDON[script.extendedinfo 32129]$INFO[Window.Property(rated), (,)]</label>
					</control>
					<control type="button" id="6006">
						<description>Already Rated</description>
						<width>173</width>
						<include>DropDownMenuBtn</include>
						<onclick>Skin.Reset(ExtendedInfoDialog)</onclick>
						<onclick>Control.SetFocus(124)</onclick>
						<label>$ADDON[script.extendedinfo 32131]</label>
						<visible>String.IsEmpty(Window.Property(tmdb_logged_in))</visible>
					</control>	
					<control type="image" id="176">
						<width>173</width>
						<include>DropDownMenuBottomBorder</include>
					</control>
				</control>
			</control>
			
			<control type="group">
				<visible>Skin.String(ExtendedInfoDialog,2)</visible>
				<depth>DepthMenuBar</depth>
				<animation effect="slide" end="80,0" condition="Control.IsVisible(8) | Control.IsVisible(120)" >Conditional</animation>
				<animation effect="slide" end="80,0" condition="Control.IsVisible(9)" >Conditional</animation>
				<animation effect="slide" end="-80,0" condition="Control.IsVisible(100)" >Conditional</animation>
				<animation effect="slide" end="-80,0" condition="!Control.IsVisible(124)" >Conditional</animation>
				<animation type="Visible">
					<effect type="fade" end="100" time="200"/>
					<effect type="slide" start="0,-10" time="300" tween="cubic" easing="out"/>
				</animation>	
				<animation type="Hidden">
					<effect type="fade" end="0" time="150"/>
					<effect type="slide" end="0,-10" time="250" tween="cubic" easing="out"/>
				</animation>
				
				<control type="button">
					<include>ScreenSize</include>
					<texturenofocus />
					<texturefocus />
					<onclick>Skin.Reset(ExtendedInfoDialog)</onclick>
					<onclick>Control.SetFocus(126)</onclick>
				</control>
				
				<control type="grouplist" id="201">
					<left>553</left>
					<top>80</top>
					<width>173</width>
					<itemgap>0</itemgap>
					<orientation>vertical</orientation>
					<onup>Skin.Reset(ExtendedInfoDialog)</onup>
					<onup>Control.SetFocus(126)</onup>
					<ondown>201</ondown>
					<onleft>Skin.Reset(ExtendedInfoDialog)</onleft>
					<onleft>Control.SetFocus(126)</onleft>
					<onright>Skin.Reset(ExtendedInfoDialog)</onright>
					<onright>Control.SetFocus(126)</onright>
					<onback>Skin.Reset(ExtendedInfoDialog)</onback>
					<onback>Control.SetFocus(126)</onback>
					<control type="image" id="177">
						<width>173</width>
						<include>DropDownMenuTopBorder</include>
					</control>
					<control type="radiobutton" id="6003">
						<description>Favourite</description>
						<width>173</width>
						<radioposx>133</radioposx>
						<textwidth>104</textwidth>
						<include>DropDownMenuRadioBtn</include>
						<onclick>Skin.Reset(ExtendedInfoDialog)</onclick>
						<onclick>Control.SetFocus(126)</onclick>
						<label>$INFO[Window.Property(FavButton_Label)]</label>
						<selected>!String.IsEmpty(Window.Property(favorite))</selected>
						<visible>!String.IsEmpty(Window.Property(tmdb_logged_in))</visible>
						<visible>!String.IsEqual(Window.Property(type),season) + !String.IsEqual(Window.Property(type),episode)</visible>
					</control>
					<control type="radiobutton" id="6005">
						<description>Add to List</description>
						<width>173</width>
						<radioposx>133</radioposx>
						<textwidth>104</textwidth>
						<include>DropDownMenuRadioBtn</include>
						<onclick>Skin.Reset(ExtendedInfoDialog)</onclick>
						<onclick>Control.SetFocus(126)</onclick>
						<label>$ADDON[script.extendedinfo 32107]</label>
						<visible>!String.IsEmpty(Window.Property(tmdb_logged_in))</visible>
						<visible>!String.IsEqual(Window.Property(type),season) + !String.IsEqual(Window.Property(type),episode)</visible>
					</control>
					<control type="button" id="6002">
						<description>Show Lists</description>
						<width>173</width>
						<include>DropDownMenuBtn</include>
						<onclick>Skin.Reset(ExtendedInfoDialog)</onclick>
						<onclick>Control.SetFocus(126)</onclick>
						<label>$ADDON[script.extendedinfo 32130]</label>
						<visible>!String.IsEmpty(Window.Property(tmdb_logged_in))</visible>
						<visible>!String.IsEqual(Window.Property(type),season) + !String.IsEqual(Window.Property(type),episode)</visible>
					</control>
					<control type="button" id="178">
						<description>Recommended</description>
						<width>173</width>
						<include>DropDownMenuBtn</include>
						<onclick>Skin.Reset(ExtendedInfoDialog)</onclick>
						<onclick>Skin.SetString(ExtendedVideoInfo,3)</onclick>
						<onclick>Control.SetFocus(150)</onclick>
						<label>$LOCALIZE[31010]</label>
					</control>
					<control type="button" id="179">
						<description>Related Lists</description>
						<width>173</width>
						<include>DropDownMenuBtn</include>
						<onclick>Skin.Reset(ExtendedInfoDialog)</onclick>
						<onclick>Skin.SetString(ExtendedVideoInfo,4)</onclick>
						<onclick>Control.SetFocus(450)</onclick>
						<label>$LOCALIZE[31011]</label>
						<visible>Integer.IsGreater(Container(450).NumItems,0)</visible>
					</control>
					<control type="image" id="180">
						<width>173</width>
						<include>DropDownMenuBottomBorder</include>
					</control>
				</control>
			</control>
			
			<control type="group">
				<visible>Skin.String(ExtendedInfoDialog,3)</visible>
				<depth>DepthMenuBar</depth>
				<animation effect="slide" end="80,0" condition="Control.IsVisible(8) | Control.IsVisible(120)" >Conditional</animation>
				<animation effect="slide" end="80,0" condition="Control.IsVisible(9)" >Conditional</animation>
				<animation effect="slide" end="-80,0" condition="Control.IsVisible(100)" >Conditional</animation>
				<animation effect="slide" end="80,0" condition="!Control.IsVisible(124)" >Conditional</animation>
				<animation effect="slide" end="80,0" condition="!Control.IsVisible(126)" >Conditional</animation>
				<animation type="Visible">
					<effect type="fade" end="100" time="200"/>
					<effect type="slide" start="0,-10" time="300" tween="cubic" easing="out"/>
				</animation>	
				<animation type="Hidden">
					<effect type="fade" end="0" time="150"/>
					<effect type="slide" end="0,-10" time="250" tween="cubic" easing="out"/>
				</animation>
				
				<control type="button">
					<include>ScreenSize</include>
					<texturenofocus />
					<texturefocus />
					<onclick>Skin.Reset(ExtendedInfoDialog)</onclick>
					<onclick>Control.SetFocus(128)</onclick>
				</control>
				
				<control type="grouplist" id="202">
					<left>236</left>
					<top>80</top>
					<width>173</width>
					<itemgap>0</itemgap>
					<orientation>vertical</orientation>
					<onup>Skin.Reset(ExtendedInfoDialog)</onup>
					<onup>Control.SetFocus(128)</onup>
					<ondown>202</ondown>
					<onleft>Skin.Reset(ExtendedInfoDialog)</onleft>
					<onleft>Control.SetFocus(128)</onleft>
					<onright>Skin.Reset(ExtendedInfoDialog)</onright>
					<onright>Control.SetFocus(128)</onright>
					<onback>Skin.Reset(ExtendedInfoDialog)</onback>
					<onback>Control.SetFocus(128)</onback>
					<control type="image" id="156">
						<width>173</width>
						<include>DropDownMenuTopBorder</include>
					</control>
					<control type="button" id="157">
						<description>Plot</description>
						<width>173</width>
						<include>DropDownMenuBtn</include>
						<onclick>Skin.Reset(ExtendedInfoDialog)</onclick>
						<onclick>Skin.Reset(ExtendedVideoInfo)</onclick>
						<onclick condition="Control.IsVisible(61)">Control.SetFocus(61)</onclick>
						<onclick condition="!Control.IsVisible(61)">Control.SetFocus(128)</onclick>
						<label>$LOCALIZE[207]</label>
					</control>
					<control type="button" id="158">
						<description>Cast</description>
						<width>173</width>
						<include>DropDownMenuBtn</include>
						<onclick>Skin.Reset(ExtendedInfoDialog)</onclick>
						<onclick>Skin.SetString(ExtendedVideoInfo,1)</onclick>
						<onclick>Control.SetFocus(1000)</onclick>
						<label>$LOCALIZE[206]</label>
						<visible>Integer.IsGreater(Container(1000).NumItems,0)</visible>
					</control>
					<control type="button" id="159">
						<description>Crew</description>
						<width>173</width>
						<include>DropDownMenuBtn</include>
						<onclick>Skin.Reset(ExtendedInfoDialog)</onclick>
						<onclick>Skin.SetString(ExtendedVideoInfo,2)</onclick>
						<onclick>Control.SetFocus(750)</onclick>
						<label>$ADDON[script.extendedinfo 32115]</label>
						<visible>Integer.IsGreater(Container(750).NumItems,0)</visible>
					</control>
					<control type="button" id="160">
						<description>Studios</description>
						<width>173</width>
						<include>DropDownMenuBtn</include>
						<onclick>Skin.Reset(ExtendedInfoDialog)</onclick>
						<onclick>Skin.SetString(ExtendedVideoInfo,9)</onclick>
						<onclick>Control.SetFocus(550)</onclick>
						<label>$LOCALIZE[20388]</label>
						<visible>Integer.IsGreater(Container(550).NumItems,0)</visible>
					</control>
					<control type="button" id="161">
						<description>Networks</description>
						<width>173</width>
						<include>DropDownMenuBtn</include>
						<onclick>Skin.Reset(ExtendedInfoDialog)</onclick>
						<onclick>Skin.SetString(ExtendedVideoInfo,10)</onclick>
						<onclick>Control.SetFocus(1450)</onclick>
						<label>$ADDON[script.extendedinfo 32152]</label>
						<visible>Integer.IsGreater(Container(1450).NumItems,0)</visible>
					</control>
					<control type="button" id="162">
						<description>Genres</description>
						<width>173</width>
						<include>DropDownMenuBtn</include>
						<onclick>Skin.Reset(ExtendedInfoDialog)</onclick>
						<onclick>Skin.SetString(ExtendedVideoInfo,11)</onclick>
						<onclick>Control.SetFocus(850)</onclick>
						<label>$LOCALIZE[135]</label>
						<visible>Integer.IsGreater(Container(850).NumItems,0)</visible>
					</control>
					<control type="button" id="163">
						<description>Keywords</description>
						<width>173</width>
						<include>DropDownMenuBtn</include>
						<onclick>Skin.Reset(ExtendedInfoDialog)</onclick>
						<onclick>Skin.SetString(ExtendedVideoInfo,12)</onclick>
						<onclick>Control.SetFocus(950)</onclick>
						<label>$LOCALIZE[21861]</label>
						<visible>Integer.IsGreater(Container(950).NumItems,0)</visible>
					</control>
					<control type="button" id="164">
						<description>Movie Set / Seasons</description>
						<width>173</width>
						<include>DropDownMenuBtn</include>
						<onclick>Skin.Reset(ExtendedInfoDialog)</onclick>
						<onclick>Skin.SetString(ExtendedVideoInfo,13)</onclick>
						<onclick>Control.SetFocus(250)</onclick>
						<label>$VAR[ExtendedInfoContainer250Label]</label>
						<visible>Integer.IsGreater(Container(250).NumItems,0)</visible>
					</control>
					<control type="button" id="165">
						<description>Episodes</description>
						<width>173</width>
						<include>DropDownMenuBtn</include>
						<onclick>Skin.Reset(ExtendedInfoDialog)</onclick>
						<onclick>Skin.SetString(ExtendedVideoInfo,15)</onclick>
						<onclick>Control.SetFocus(2000)</onclick>
						<label>$LOCALIZE[20360]</label>
						<visible>Integer.IsGreater(Container(2000).NumItems,0)</visible>
					</control>
					<control type="button" id="166">
						<description>Releases</description>
						<width>173</width>
						<include>DropDownMenuBtn</include>
						<onclick>Skin.Reset(ExtendedInfoDialog)</onclick>
						<onclick>Skin.SetString(ExtendedVideoInfo,14)</onclick>
						<onclick>Control.SetFocus(650)</onclick>
						<label>$ADDON[script.extendedinfo 32168]</label>
						<visible>Integer.IsGreater(Container(650).NumItems,0)</visible>
					</control>
					<control type="button" id="167">
						<description>Reviews</description>
						<width>173</width>
						<include>DropDownMenuBtn</include>
						<onclick>Skin.Reset(ExtendedInfoDialog)</onclick>
						<onclick>Skin.SetString(ExtendedVideoInfo,16)</onclick>
						<onclick>Control.SetFocus(1050)</onclick>
						<label>$ADDON[script.extendedinfo 32167]</label>
						<visible>Integer.IsGreater(Container(1050).NumItems,0)</visible>
					</control>
					<control type="button" id="181">
						<description>Awards / Critics</description>
						<width>173</width>
						<include>DropDownMenuBtn</include>
						<onclick>Skin.Reset(ExtendedInfoDialog)</onclick>
						<onclick>Skin.SetString(ExtendedVideoInfo,17)</onclick>
						<onclick condition="Control.IsVisible(61)">Control.SetFocus(61)</onclick>
						<onclick condition="!Control.IsVisible(61)">Control.SetFocus(901)</onclick>
						<label>$LOCALIZE[31300]</label>
						<visible>!String.IsEmpty(Window.Property(omdb.Awards)) + !String.IsEmpty(Window.Property(omdb.tomatoConsensus))</visible>
					</control>
					<control type="button" id="168">
						<description>View Styles Header Artwork</description>
						<width>173</width>
						<textwidth>137</textwidth>
						<include>DropDownMenuHeader</include>
						<label>$ADDON[script.extendedinfo 32119]</label>
						<visible>Integer.IsGreater(Container(1250).NumItems,0) | Integer.IsGreater(Container(1350).NumItems,0)</visible>
					</control>
					<control type="button" id="169">
						<description>Poster</description>
						<width>173</width>
						<include>DropDownMenuBtn</include>
						<onclick>Skin.Reset(ExtendedInfoDialog)</onclick>
						<onclick>Skin.SetString(ExtendedVideoInfo,5)</onclick>
						<onclick>Control.SetFocus(1250)</onclick>
						<label>$LOCALIZE[31503]</label>
						<visible>Integer.IsGreater(Container(1250).NumItems,0)</visible>
					</control>
					<control type="button" id="170">
						<description>Fanart</description>
						<width>173</width>
						<include>DropDownMenuBtn</include>
						<onclick>Skin.Reset(ExtendedInfoDialog)</onclick>
						<onclick>Skin.SetString(ExtendedVideoInfo,6)</onclick>
						<onclick>Control.SetFocus(1350)</onclick>
						<label>$LOCALIZE[20445]</label>
						<visible>Integer.IsGreater(Container(1350).NumItems,0)</visible>
					</control>
					<control type="button" id="171">
						<description>View Styles Header Videos</description>
						<width>173</width>
						<textwidth>137</textwidth>		
						<include>DropDownMenuHeader</include>
						<label>$LOCALIZE[3]</label>
						<visible>Integer.IsGreater(Container(1150).NumItems,0) | Integer.IsGreater(Container(350).NumItems,0)</visible>
					</control>
					<control type="button" id="172">
						<description>Official Videos</description>
						<width>173</width>
						<include>DropDownMenuBtn</include>
						<onclick>Skin.Reset(ExtendedInfoDialog)</onclick>
						<onclick>Skin.SetString(ExtendedVideoInfo,7)</onclick>
						<onclick>Control.SetFocus(1150)</onclick>
						<label>$ADDON[script.extendedinfo 32117]</label>
						<visible>Integer.IsGreater(Container(1150).NumItems,0)</visible>
					</control>
					<control type="button" id="173">
						<description>Youtube Videos</description>
						<width>173</width>
						<include>DropDownMenuBtn</include>
						<onclick>Skin.Reset(ExtendedInfoDialog)</onclick>
						<onclick>Skin.SetString(ExtendedVideoInfo,8)</onclick>
						<onclick>Control.SetFocus(350)</onclick>
						<label>$ADDON[script.extendedinfo 32118]</label>
						<visible>Integer.IsGreater(Container(350).NumItems,0)</visible>
					</control>	
					<control type="image" id="174">
						<width>173</width>
						<include>DropDownMenuBottomBorder</include>
					</control>
				</control>
			</control>
			<control type="group">
				<control type="group" id="505">
					<description>Menu Bar Area</description>
					<depth>DepthMenuBar</depth>
					<include>MenuVideoBarImage</include>
					<include>MenuBarOpenCloseAnim2</include>
					<include>ExtendedInfoVideoInfoMenuBar</include>
					<include>InfoPaneDetails</include>

					<control type="label">
						<top>685</top>
						<include>InfoPaneItemVeryBigTitle</include>
						<label>[B]$INFO[Container(350).ListItem.Label][/B]</label>
						<visible>Skin.String(ExtendedVideoInfo,5)</visible>
					</control>

					<control type="label">
						<top>685</top>
						<include>InfoPaneItemVeryBigTitle</include>
						<label>[B]$INFO[Container(1150).ListItem.Label][/B]</label>
						<visible>Skin.String(ExtendedVideoInfo,4)</visible>
					</control>					
				</control>
			</control>	
		</control>
    </controls>
</window>
