<?xml version="1.0" encoding="utf-8"?>
<window>
    <defaultcontrol>102</defaultcontrol>
    <coordinates>
        <system>1</system>
        <left>115</left>
        <top>105</top>
    </coordinates>
	
    <controls>
		<control type="group">
			<depth>DepthDialog</depth>
			<include>DialogOpenCloseAnim</include>
			
			<include content="DialogWithCloseBtnLabel">
				<param name="width" value="1050"/>
				<param name="height" value="510" />
				<param name="left" value="990" />
				<param name="labelwidth" value="980" />
				<param name="label" value="$ADDON[plugin.image.mypicsdb 30600]" />
			</include>
			
			<control type="label" id="100">
				<description>Header</description>
				<left>241</left>
				<top>57</top>
				<width>737</width>
				<align>center</align>
				<include>DialogHeadLabel</include>
			</control>
			
			<control type="group">
				<left>DialogMarginOffsetX</left>
				<top>DialogMarginOffsetY</top>
				
				<control type="image">
					<description>Menu Background</description>
					<width>200</width>
					<height>395</height>
					<texture border="5">controls/button-nofocus.png</texture>
				</control>
				
				<control type="grouplist" id="9000">
					<width>200</width>
					<height>395</height>
					<itemgap>2</itemgap>
					<pagecontrol />
					<align>left</align>
					<orientation>vertical</orientation>
					<ondown>102</ondown>
					<onleft>102</onleft>
					<onright>120</onright>
					<control type="radiobutton" id="104">
						<description>Match all button</description>
						<width>200</width>
						<texturenofocus />
						<enable>true</enable>
						<include>DialogHeadLabel</include>
					</control>
					<control type="button" id="107">
						<description>Load button</description>
						<width>200</width>
						<align>center</align>
						<texturenofocus />
						<enable>true</enable>
						<include>DialogHeadLabel</include>
					</control>
					<control type="button" id="108">
						<description>Save button</description>
						<width>200</width>
						<align>center</align>
						<texturenofocus />
						<enable>true</enable>
						<include>DialogHeadLabel</include>
					</control>
					<control type="button" id="111">
						<description>Delete filter button</description>
						<width>200</width>
						<align>center</align>
						<texturenofocus />
						<enable>true</enable>
						<include>DialogHeadLabel</include>
					</control>
					<control type="button" id="112">
						<description>Date set button</description>
						<width>200</width>
						<align>center</align>
						<texturenofocus />
						<enable>true</enable>
						<include>DialogHeadLabel</include>
					</control>
				</control>
				
				<control type="label" id="101">
					<description>number of selected tags</description>
					<top>360</top>
					<width>200</width>
					<height>35</height>
					<align>center</align>
					<aligny>center</aligny>
					<font>ButtonFont</font>
					<textcolor>ButtonColor</textcolor>
					<shadowcolor>ShadowColor</shadowcolor>
				</control>
				
				<control type="label" id="113">
					<description>Filter:</description>
					<left>1500</left>
					<width>200</width>
					<align>center</align>
					<font>ButtonFont</font>
					<textcolor>DefaultColor2</textcolor>
					<shadowcolor>ShadowColor</shadowcolor>
					<label>$ADDON[plugin.image.mypicsdb 30652]</label>
				</control>
				
				<control type="label" id="110">
					<description>Filter label</description>
					<left>1500</left>
					<width>200</width>
					<align>center</align>
					<font>ButtonFont</font>
					<textcolor>DefaultColor2</textcolor>
					<shadowcolor>ShadowColor</shadowcolor>
				</control>
			</control>
			
			<control type="group">
				<left>241</left>
				<top>88</top>
				<control type="group"> 
					<description>Tags</description>
					<control type="image">
						<width>385</width>
						<height>35</height>
						<texture background="true" border="7">controls/button-nofocus.png</texture>
					</control>

					<control type="label" id="105">
						<top>8</top>
						<width>385</width>
						<height>35</height>
						<align>center</align>
						<include>DialogHeadLabel</include>
					</control>

					<control type="image">
						<top>40</top>
						<width>366</width>
						<height>320</height>
						<texture background="true" border="7">controls/button-nofocus.png</texture>
					</control>
					
					<!-- ** Required ** Do not change <id> or <type> -->
					<control type="list" id="120">
						<top>40</top>
						<width>366</width>
						<height>320</height>
						<onleft>9000</onleft>
						<onright>121</onright>
						<onup>120</onup>
						<ondown>102</ondown>
						<scrolltime>200</scrolltime>
						<pagecontrol>121</pagecontrol>
						<itemlayout height="40" width="366">
							<control type="label">
								<left>15</left>
								<width>336</width>
								<height>40</height>
								<include>DialogContentLabel</include>
								<label>$INFO[ListItem.Label]</label>
							</control>
						</itemlayout>
						<focusedlayout height="40" width="366">
							<control type="image">
								<width>366</width>
								<height>40</height>
								<texture border="5">controls/button-focus.png</texture>
								<visible>Control.HasFocus(120)</visible>
								<animation type="Focus" condition="Container(120).OnNext" reversible="false">
									<effect type="Fade" start="40" end="100" time="500" tween="back" easing="in"/>
									<effect type="slide" start="0,-35" time="200" tween="sine" easing="out"/>
								</animation>						
								<animation type="Focus" condition="Container(120).OnPrevious" reversible="false">
									<effect type="Fade" start="40" end="100" time="500" tween="back" easing="in"/>
									<effect type="slide" start="0,35" time="200" tween="sine" easing="out"/>
								</animation>
							</control>
							<control type="image">
								<width>366</width>
								<height>40</height>
								<texture border="5">controls/button-alt-focus.png</texture>
								<visible>!Control.HasFocus(120)</visible>
							</control>
							<control type="label">
								<left>15</left>
								<width>336</width>
								<height>40</height>
								<include>DialogContentLabel</include>
								<label>$INFO[ListItem.Label]</label>
								<textcolor>SelectedColor</textcolor>
							</control>
						</focusedlayout>
					</control>
					
					<control type="group">
						<left>371</left>
						<top>40</top>
						
						<control type="image">
							<width>14</width>
							<height>320</height>
							<texture border="4">controls/scrollbar-background.png</texture>
						</control>
						
						<control type="scrollbar" id="121">
							<height>320</height>
							<texturesliderbackground />
							<onleft>120</onleft>
							<onright>122</onright>
							<ondown>109</ondown>
							<visible>Control.IsVisible(120)</visible>
						</control>
					</control>
				</control>

				<control type="group"> 
					<description>Tags Contents</description>
					<left>390</left>
					<control type="image">
						<width>385</width>
						<height>35</height>
						<texture background="true" border="7">controls/button-nofocus.png</texture>
					</control>

					<control type="label" id="106">
						<top>8</top>
						<width>385</width>
						<height>35</height>
						<align>center</align>
						<include>DialogHeadLabel</include>
					</control>

					<control type="image">
						<top>40</top>
						<width>366</width>
						<height>320</height>
						<texture background="true" border="7">controls/button-nofocus.png</texture>
					</control>
					
					<!-- ** Required ** Do not change <id> or <type> -->
					<control type="list" id="122">
						<top>40</top>
						<width>366</width>
						<height>320</height>
						<onup>122</onup>
						<ondown>109</ondown>
						<onleft>121</onleft>
						<onright>123</onright>
						<scrolltime>200</scrolltime>
						<pagecontrol>123</pagecontrol>
						<itemlayout height="40" width="366">
							<control type="label">
								<left>15</left>
								<width>301</width>
								<height>40</height>
								<include>DialogContentLabel</include>
								<info>ListItem.Label2</info>
							</control>
							<control type="image">
								<left>326</left>
								<width>25</width>
								<height>40</height>
								<aligny>center</aligny>
								<aspectratio>keep</aspectratio>
								<texture>OverlayWatched.png</texture>
								<visible>String.IsEqual(ListItem.Property(checked),checkbutton.png)</visible>
							</control>
							<control type="image">
								<left>326</left>
								<width>25</width>
								<height>40</height>
								<aligny>center</aligny>
								<aspectratio>keep</aspectratio>
								<texture colordiffuse="ffff0000">OverlayWatchedWhite.png</texture>
								<visible>String.IsEqual(ListItem.Property(checked),uncheckbutton.png)</visible>
							</control>
						</itemlayout>
						<focusedlayout height="40" width="366">
							<control type="image">
								<width>366</width>
								<height>40</height>
								<texture border="5">controls/button-focus.png</texture>
								<visible>Control.HasFocus(122)</visible>
								<animation type="Focus" condition="Container(122).OnNext" reversible="false">
									<effect type="Fade" start="40" end="100" time="500" tween="back" easing="in"/>
									<effect type="slide" start="0,-35" time="200" tween="sine" easing="out"/>
								</animation>						
								<animation type="Focus" condition="Container(122).OnPrevious" reversible="false">
									<effect type="Fade" start="40" end="100" time="500" tween="back" easing="in"/>
									<effect type="slide" start="0,35" time="200" tween="sine" easing="out"/>
								</animation>
							</control>
							<control type="image">
								<width>366</width>
								<height>40</height>
								<texture border="5">controls/button-alt-focus.png</texture>
								<visible>!Control.HasFocus(122)</visible>
							</control>
							<control type="label">
								<left>15</left>
								<width>301</width>
								<height>40</height>
								<include>DialogContentLabel</include>
								<info>ListItem.Label2</info>
								<textcolor>SelectedColor</textcolor>
							</control>
							<control type="image">
								<left>326</left>
								<width>25</width>
								<height>40</height>
								<aligny>center</aligny>
								<aspectratio>keep</aspectratio>
								<texture>OverlayWatched.png</texture>
								<visible>String.IsEqual(ListItem.Property(checked),checkbutton.png)</visible>
							</control>
							<control type="image">
								<left>326</left>
								<width>25</width>
								<height>40</height>
								<aligny>center</aligny>
								<aspectratio>keep</aspectratio>
								<texture colordiffuse="ffff0000">OverlayWatchedWhite.png</texture>
								<visible>String.IsEqual(ListItem.Property(checked),uncheckbutton.png)</visible>
							</control>
						</focusedlayout>
					</control>
					
					<control type="group">
						<left>371</left>
						<top>40</top>
						
						<control type="image">
							<width>14</width>
							<height>320</height>
							<texture border="4">controls/scrollbar-background.png</texture>
						</control>
						
						<control type="scrollbar" id="123">
							<height>320</height>
							<texturesliderbackground />
							<onleft>122</onleft>
							<onright>109</onright>
							<ondown>109</ondown>
							<visible>Control.IsVisible(122)</visible>
						</control>
					</control>
				</control>
			</control>
			
			<control type="grouplist">
				<top>457</top>
				<width>1050</width>
				<align>center</align>
				<onleft>112</onleft>
				<onright>122</onright>
				<orientation>horizontal</orientation>
				<itemgap>10</itemgap>
				<control type="button" id="102">
					<description>OK button</description>
					<onup>120</onup>
					<ondown>120</ondown>
					<include>DialogMenuBarBtn</include>
				</control>
				<control type="button" id="103">
					<description>Cancel button</description>
					<onup>120</onup>
					<ondown>120</ondown>
					<include>DialogMenuBarBtn</include>
				</control>
				<control type="button" id="109">
					<description>Reset button</description>
					<onup>122</onup>
					<ondown>122</ondown>
					<include>DialogMenuBarBtn</include>
				</control>
			</control>
		</control>
    </controls>
</window>
