<?xml version="1.0" encoding="UTF-8"?>
<window>
	<defaultcontrol always="true">855</defaultcontrol>
	<menucontrol>850</menucontrol>
	
	<controls>
		<control type="group"> 
			<depth>DepthBackground</depth>
    		<include>BackgroundDefault</include>
			<include condition="!Skin.HasSetting(DisableVideoPlayingBG)">BackgroundVideoPlaying</include>
			<include>BackgroundOpenCloseAnim</include>
		</control>
		
		<control type="group" id="9001">
			<depth>DepthContent</depth>
			<include>ControlsOpenCloseAnim</include>
			
			<control type="button" id="9022">
				<description>General</description>
				<texturefocus />
				<texturenofocus />
				<onfocus>Control.SetFocus(9002)</onfocus>
				<visible>ControlGroup(9000).HasFocus | [[Skin.String(ProfilesCategory,) | Skin.String(ProfilesCategory,1)] + [Control.HasFocus(911) | ControlGroup(850).HasFocus | Control.HasFocus(555)]]</visible>
			</control>
			
			<control type="button" id="9023">
				<description>Profiles</description>
				<texturefocus />
				<texturenofocus />
				<onfocus>Control.SetFocus(9003)</onfocus>
				<visible>Control.HasFocus(2) | [Skin.String(ProfilesCategory,2) + [Control.HasFocus(990) | ControlGroup(850).HasFocus | Control.HasFocus(555)]]</visible>
			</control>
			
			<control type="grouplist" id="855">
				<description>Category Area</description>
				<left>125</left>
				<top>110</top>
				<width>240</width>
				<height>500</height>
				<itemgap>0</itemgap>
				<orientation>vertical</orientation>
				<onleft>850</onleft>
				<onright>851</onright>
				<control type="button" id="9002">
					<description>General</description>
					<label>$LOCALIZE[128]</label>
					<onfocus>Skin.SetString(ProfilesCategory,1)</onfocus>
					<include>SettingsCatBtn</include>
					<visible>![ControlGroup(9000).HasFocus | [[Skin.String(ProfilesCategory,) | Skin.String(ProfilesCategory,1)] + [Control.HasFocus(911) | ControlGroup(850).HasFocus | Control.HasFocus(555)]]]</visible>
				</control>
				<control type="button" id="9012">
					<description>General</description>
					<include>SettingsInactiveCatBtn</include>
					<label>$LOCALIZE[128]</label>
					<visible>ControlGroup(9000).HasFocus | [[Skin.String(ProfilesCategory,) | Skin.String(ProfilesCategory,1)] + [Control.HasFocus(911) | ControlGroup(850).HasFocus | Control.HasFocus(555)]]</visible>
				</control>
				<control type="button" id="9003">
					<description>Profiles</description>
					<label>$LOCALIZE[13200]</label>
					<onfocus>Skin.SetString(ProfilesCategory,2)</onfocus>
					<include>SettingsCatBtn</include>
					<visible>![Control.HasFocus(2) | [Skin.String(ProfilesCategory,2) + [Control.HasFocus(990) | ControlGroup(850).HasFocus | Control.HasFocus(555)]]]</visible>
				</control>
				<control type="button" id="9013">
					<description>Profiles</description>
					<include>SettingsInactiveCatBtn</include>
					<label>$LOCALIZE[13200]</label>
					<visible>Control.HasFocus(2) | [Skin.String(ProfilesCategory,2) + [Control.HasFocus(990) | ControlGroup(850).HasFocus | Control.HasFocus(555)]]</visible>
				</control>
			</control>
			
			<control type="group" id="851">
				<control type="grouplist" id="9000">		
					<description>General Content Area</description>
					<left>400</left>
					<top>110</top>
					<width>755</width>
					<height>500</height>
					<pagecontrol>911</pagecontrol>
					<itemgap>0</itemgap>
					<onleft>9022</onleft>
					<onright>150</onright>
					<visible>Skin.String(ProfilesCategory,1) | Skin.String(ProfilesCategory,)</visible>
					<include>ContentSettingsOpenCloseAnim</include>
					<control type="button" id="9004">
						<description>Header</description>
						<include>SettingsHeaderBtn</include>
						<label>$LOCALIZE[128]</label>
					</control>
					<control type="radiobutton" id="4">
						<description>Enable Login Screen</description>
						<include>SettingsContentBtn</include>
						<label>$LOCALIZE[20096]</label>
					</control>
					<control type="button" id="5">
						<description>Enable Kiosk Mode</description>
						<include>SettingsContentRadioBtn</include>
						<label>$LOCALIZE[31960]</label>
						<label2>$INFO[System.ProfileAutoLogin]</label2>
						<enable>!System.HasLoginScreen</enable>
					</control>
				</control>
				
				<control type="button" id="9005">
					<description>Header</description>
					<visible>Skin.String(ProfilesCategory,2)</visible>
					<left>400</left>
					<top>110</top>
					<include>SettingsHeaderBtn</include>
					<label>$LOCALIZE[13200]</label>
				</control>
			
				<control type="panel" id="2">
					<left>400</left>
					<top>160</top>
					<width>754</width>
					<height>450</height>
					<pagecontrol>990</pagecontrol>	
					<preloaditems>2</preloaditems>
					<onup>2</onup>
					<ondown>2</ondown>
					<onleft>9023</onleft>
					<onright>150</onright>
					<visible>Skin.String(ProfilesCategory,2)</visible>
					<itemlayout height="188" width="188">		
						<control type="image">
							<description>Cover</description>
							<width>188</width>
							<height>161</height>
							<texture background="true" fallback="DefaultUser.png">$INFO[ListItem.Icon]</texture>
							<aspectratio>keep</aspectratio>
							<bordersize>15</bordersize>
						</control>
						<control type="label">
							<description>Label</description>
							<left>15</left>
							<top>154</top>
							<width>158</width>
							<font>IconFont</font>
							<textcolor>GreyColor2</textcolor>
							<shadowcolor>ShadowColor</shadowcolor>
							<align>center</align>
							<info>ListItem.Label</info>
						</control>
					</itemlayout>															
					<focusedlayout height="188" width="188">
						<control type="image">
							<description>Cover Focus</description>
							<width>188</width>
							<height>188</height>
							<texture border="4">views/list-focus.png</texture>
							<aspectratio>stretch</aspectratio>
							<animation effect="fade" end="60" condition="true">Conditional</animation>
						</control>	
						<control type="image">
							<description>Cover</description>
							<width>188</width>
							<height>161</height>
							<texture background="true" fallback="DefaultUser.png">$INFO[ListItem.Icon]</texture>
							<aspectratio>keep</aspectratio>
							<bordersize>15</bordersize>
						</control>	
						<control type="label">
							<description>Label</description>
							<left>15</left>
							<top>154</top>
							<width>158</width>
							<font>IconFont</font>
							<textcolor>SelectedColor</textcolor>
							<shadowcolor>ShadowColor</shadowcolor>
							<align>center</align>
							<info>ListItem.Label</info>
						</control>
					</focusedlayout>
				</control>
			</control>
			
			<include>SettingsScrollbar</include>
		</control>
		
		<control type="group">
			<description>Menu Bar Area</description>
			<depth>DepthMenuBar</depth>
			<top>MenuBarOffsetY</top>
			<include>MenuBarImage</include>
			<include>MenuBarOpenCloseAnim2</include>	
			<include>SettingsMenuBar</include>
		</control>
		
		<control type="group">
			<description>Top Bar Area</description>
			<depth>DepthTopBar</depth>
			<include>TopBarImage</include>
			<include>TopBarOpenCloseAnim</include>
			<include>BreadCrumbSettings</include>
			<include>Notifications</include>
		</control>

		<control type="group">
			<description>Bottom Bar Area</description>
			<depth>DepthContent</depth>
			<top>BottomPaneOffsetY</top>
			<include>InfoPaneProfileDetails</include>
			<control type="textbox">
				<left>399</left>
				<top>1</top>
				<width>756</width>
				<height>43</height>
				<align>justify</align>
				<font>InfoPaneFont2</font>
				<textcolor>InfoPaneColor2</textcolor>
				<shadowcolor>ShadowColor</shadowcolor>
				<label>$VAR[SettingsMenubarDescription]</label>
				<autoscroll time="3000" delay="4000" repeat="10000">true</autoscroll>
				<include>InfoPaneLabelFadeAnim</include>
				<visible>ControlGroup(850).HasFocus</visible>
			</control>
			<include>BottomPaneOpenCloseAnim</include>
		</control>
	</controls>
</window>