<?xml version="1.0" encoding="UTF-8"?>
<window>
	<defaultcontrol always="true">15</defaultcontrol>

	<coordinates>
		<system>1</system>
		<origin x="305" y="235">true</origin>
	</coordinates>
	
	<controls>
		<control type="group">
			<depth>DepthDialog</depth>
			<include>DialogOpenCloseAnim</include>
			<visible>![Window.IsActive(DialogSelect.xml) | Window.IsActive(VirtualKeyboard)]</visible>
			
			<include content="DialogWithCloseBtnLabelID">
				<param name="width" value="670"/>
				<param name="height" value="250" />
				<param name="left" value="610" />
				<param name="labelwidth" value="590" />
				<param name="label" value="$LOCALIZE[21421]" />
				<param name="id" value="2" />
			</include>
			
			<control type="group">		
				<left>DialogMarginOffsetX</left>
				<top>DialogMarginOffsetY</top>
				
				<control type="label">
					<description>Match Items Where</description>
					<width>600</width>
					<include>DialogHeadLabel</include>
					<label>$LOCALIZE[21422]</label>
					<include>DialogHeadLabelFade</include>
				</control>
				
				<control type="button" id="15">
					<description>Rule Field</description>
					<top>20</top>
					<width>600</width>
					<textwidth>590</textwidth>
					<align>left</align>
					<onup>noop</onup>
					<ondown>16</ondown>
					<onleft>18</onleft>
					<onright>19</onright>
				</control>	
				
				<control type="button" id="16">
					<description>Items Must Match</description>
					<top>60</top>
					<width>600</width>
					<align>left</align>
					<textwidth>590</textwidth>
					<onup>15</onup>
					<ondown>290</ondown>
					<onright>19</onright>
					<onleft>18</onleft>
				</control>
				
				<control type="group" id="290">
					<control type="edit" id="17">
						<description>Rule Value</description>
						<top>100</top>
						<width>475</width>
						<textwidth>459</textwidth>
						<include>DialogContentLabel</include>
						<onup>16</onup>
						<ondown>9001</ondown>
						<onleft>18</onleft>
						<onright>20</onright>
						<hinttext>$LOCALIZE[31187]</hinttext>
					</control>	

					<control type="button" id="20">
						<description>Server Browse</description>
						<left>480</left>
						<top>100</top>
						<include>DialogBtn</include>
						<label>$LOCALIZE[1024]</label>
						<onup>16</onup>
						<ondown>9001</ondown>
						<onleft>17</onleft>
						<onright>19</onright>
					</control>			
				</control>
			</control>
			
			<control type="grouplist" id="9001">			
				<description>Dialog Button Area</description>				
				<left>165</left>
				<top>197</top>
				<itemgap>0</itemgap>
				<orientation>horizontal</orientation>	
				<onup>290</onup>
				<control type="button" id="18">
					<description>OK</description>
					<include>DialogMenuBarBtn</include>
					<label>$LOCALIZE[186]</label>
				</control>			
				<control type="button" id="19">
					<description>Cancel</description>
					<left>170</left>
					<include>DialogMenuBarBtn</include>
					<label>$LOCALIZE[222]</label>
				</control>
			</control>
		</control>
	</controls>
</window>