<?xml version="1.0" encoding="UTF-8"?>
<window>
	<defaultcontrol always="true">2</defaultcontrol>

	<coordinates>
		<system>1</system>
		<left>299</left>
		<top>116</top>
	</coordinates>
	
	<controls>
		<control type="group">
			<depth>DepthDialog-</depth>
			<include>DialogOpenCloseAnim</include>
			
			<include content="DialogWithCloseBtnLabel">
				<param name="width" value="682"/>
				<param name="height" value="520" />
				<param name="left" value="622" />
				<param name="labelwidth" value="602" />
				<param name="label" value="$LOCALIZE[298]" />
			</include>
			
			<control type="panel" id="11">
				<left>23</left>
				<top>49</top>
				<width>612</width>
				<height>417</height>
				<pagecontrol>913</pagecontrol>
				<onup>11</onup>
				<ondown>9001</ondown>
				<onleft>9001</onleft>
				<onright>150</onright>
				<itemlayout width="202" height="139">
					<control type="image">
						<left>9</left>
						<width>198</width>
						<height>135</height>
						<texture border="5">controls/button-nofocus.png</texture>
					</control>
					<control type="image">
						<left>13</left>
						<top>4</top>
						<width>190</width>
						<height>112</height>
						<aspectratio>scale</aspectratio>
						<info>ListItem.Icon</info>
						<animation effect="fade" end="50" condition="true">Conditional</animation>
					</control>
					<control type="label">
						<left>12</left>
						<top>114</top>
						<width>192</width>
						<align>center</align>
						<font>ButtonFont2</font>
						<textcolor>ButtonColor</textcolor>
						<label>$INFO[ListItem.Label]$INFO[ListItem.Label2, (,)]</label>
					</control>
				</itemlayout>
				<focusedlayout width="202" height="139">
					<control type="image">
						<left>9</left>
						<width>198</width>
						<height>135</height>
						<texture border="5">controls/button-focus.png</texture>
					</control>
					<control type="image">
						<left>13</left>
						<top>4</top>
						<width>190</width>
						<height>112</height>
						<aspectratio>scale</aspectratio>
						<info>ListItem.Icon</info>
					</control>
					<control type="label">
						<left>12</left>
						<top>114</top>
						<width>192</width>
						<align>center</align>
						<font>ButtonFont2</font>
						<textcolor>ButtonFocusColor</textcolor>
						<label>$INFO[ListItem.Label]$INFO[ListItem.Label2, (,)]</label>
					</control>
				</focusedlayout>
			</control>
			
			<include>VideoOSDBookmarksScrollBar</include>
		
			<control type="grouplist" id="9001">	
				<left>23</left>	
				<top>467</top>
				<width>636</width>
				<align>center</align>
				<orientation>horizontal</orientation>
				<onup>11</onup>
				<control type="button" id="2">
					<description>Create Bookmark</description>
					<include>DialogMenuBarBtn</include>
					<label>$LOCALIZE[294]</label>	
				</control>		
				<control type="button" id="3">
					<description>Clear Bookmarks</description>
					<include>DialogMenuBarBtn</include>
					<label>$LOCALIZE[296]</label>
				</control>
				<control type="button" id="4">
					<description>Set Episode Bookmark</description>
					<include>DialogMenuBarBtn</include>
					<label>$LOCALIZE[20406]</label>
					<visible>VideoPlayer.Content(Episodes)</visible>
				</control>
			</control>
		</control>
	</controls>	
</window>