<?xml version="1.0" encoding="UTF-8"?>
<includes>
	<include name="ViewContentPanel">
		<control type="image">
			<left>30</left>
			<top>106</top>
			<width>1220</width>
			<height>525</height>
			<texture border="7">panels/content-panel.png</texture>
			<include>PanelFadeAnim</include>
			<include>ControlsOpenCloseAnim</include>
		</control>
	</include>

	<include name="ListInfoViewCatLabel">
		<height>45</height>
		<font>MediaInfoFont</font>
		<textcolor>MediaInfoItemColor</textcolor>
		<shadowcolor>ShadowColor</shadowcolor>
		<aligny>center</aligny>
	</include>

	<include name="ListInfoViewCatValueLabel">
		<height>45</height>
		<font>MediaInfoFont</font>
		<textcolor>MediaInfoItemColor2</textcolor>
		<shadowcolor>ShadowColor</shadowcolor>
		<aligny>center</aligny>
	</include>

	<include name="ListInfoViewDot">
		<control type="label">
			<height>45</height>
			<width>26</width>
			<align>center</align>
			<aligny>center</aligny>
			<font>MediaInfoFont</font>
			<textcolor>GreyColor3</textcolor>
			<label>&#x2022;</label>
		</control>
	</include>
	
</includes>